sample	BCper10mb_0	BCper10mb_1	BCper10mb_2	BCper10mb_3	CN_0	CN_1	CN_2	CN_3	CN_4	CN_5	CN_6	CN_7	CN_8	CNCP_0	CNCP_1	CNCP_2	CNCP_3	CNCP_4	CNCP_5	CNCP_6	CNCP_7	BCperCA_0	BCperCA_1	BCperCA_2	BCperCA_3	BCperCA_4	BCperCA_5	SegSize_0	SegSize_1	SegSize_2	SegSize_3	SegSize_4	SegSize_5	SegSize_6	SegSize_7	SegSize_8	SegSize_9	SegSize_10	CopyFraction_0	CopyFraction_1	CopyFraction_2	CopyFraction_3	CopyFraction_4	CopyFraction_5	CopyFraction_6
sample_001_PC	237	50	2	0	1	32	66	7	1	2	3	1	4	36	39	6	6	4	0	2	4	16	12	6	3	4	4	45	17	11	11	11	7	2	2	2	4	5	0.0	0.3496	0.6067	0.0146	0.0014	0.0005	0.0272
sample_002_PC	255	31	2	0	0	2	16	12	22	5	4	1	10	8	11	7	2	7	2	1	13	28	11	2	1	3	0	21	6	5	11	4	4	5	0	3	5	8	0.0	0.0168	0.2189	0.2827	0.3659	0.0505	0.0652
sample_003_PC	251	35	2	0	0	2	28	23	27	10	7	2	3	20	25	16	12	6	0	0	2	17	12	10	2	2	2	40	13	6	10	10	5	3	0	2	7	6	0.0	0.0114	0.2131	0.4075	0.2971	0.0327	0.0382
sample_004_PC	255	28	0	0	0	3	19	14	23	5	1	1	0	15	13	9	3	1	2	0	0	30	9	5	1	0	0	16	7	5	5	8	7	2	0	3	4	9	0.0	0.0204	0.2769	0.1621	0.4571	0.0468	0.0366
sample_005_PC	215	74	1	0	1	3	44	47	44	12	3	5	8	37	50	31	11	4	3	2	7	9	10	6	5	6	9	74	34	21	14	5	7	3	1	1	4	3	0.0007	0.0288	0.2768	0.3567	0.2537	0.0399	0.0434
sample_006_PC	239	49	1	0	2	2	5	23	14	13	46	4	11	19	18	23	21	3	6	2	6	17	9	2	11	3	3	47	21	7	14	9	6	4	2	2	3	5	0.0	0.0109	0.0064	0.2115	0.0137	0.1342	0.6233
sample_007_PC	200	86	2	0	0	2	28	12	85	6	25	3	7	47	26	56	9	5	2	2	1	7	10	7	8	3	10	53	50	23	21	5	9	3	1	1	1	1	0.0	0.0015	0.1352	0.086	0.5374	0.0605	0.1793
sample_008_PC	241	45	2	0	7	3	9	10	23	13	19	5	9	17	17	11	14	4	7	2	5	19	9	8	6	2	1	30	11	10	12	14	6	5	3	2	1	4	0.0129	0.0225	0.0936	0.0821	0.3205	0.1544	0.314
sample_009_PC	237	50	1	0	3	20	74	17	7	2	1	1	0	42	42	9	7	1	2	0	0	12	11	10	6	4	2	48	19	17	13	8	5	3	0	4	4	4	0.0008	0.121	0.72	0.1313	0.0192	0.0021	0.0056
sample_010_PC	221	68	1	0	5	30	76	18	8	2	0	0	1	40	60	13	4	0	0	0	2	10	10	10	6	2	7	48	28	23	14	4	10	3	1	5	3	1	0.0	0.1704	0.6292	0.1096	0.0873	0.0035	0.0
sample_011_PC	255	32	2	0	0	0	19	9	41	13	6	0	5	27	11	22	3	2	1	0	6	21	10	7	3	3	1	35	10	6	10	10	3	5	1	3	2	8	0.0	0.0	0.1424	0.1151	0.5594	0.1301	0.053
sample_012_PC	229	59	1	0	5	7	37	12	27	5	13	4	5	16	19	34	12	6	6	0	0	11	12	10	9	2	1	35	20	15	9	16	7	4	3	1	3	2	0.0469	0.0757	0.4041	0.1701	0.2151	0.0286	0.0594
sample_013_PC	212	73	2	0	1	1	20	27	60	14	10	4	7	32	55	20	8	1	3	0	5	8	11	7	9	4	6	46	37	16	16	13	5	4	0	5	2	0	0.0	0.0092	0.1371	0.215	0.4931	0.0784	0.067
sample_014_PC	225	63	2	0	0	3	25	8	61	5	5	2	2	27	16	41	2	1	1	0	2	15	10	10	4	4	2	24	27	22	13	6	3	3	5	2	3	3	0.0	0.0118	0.2349	0.0432	0.6069	0.0544	0.0488
sample_015_PC	238	49	2	0	0	1	24	4	53	4	9	2	4	23	9	32	5	4	0	2	6	16	12	10	3	2	2	29	16	9	17	9	4	3	5	2	3	4	0.0	0.004	0.1598	0.0301	0.614	0.0541	0.138
sample_016_PC	218	69	2	0	1	1	25	27	49	18	5	0	3	27	41	29	7	3	1	0	0	12	11	9	5	1	7	32	29	20	18	13	7	3	2	2	1	2	0.0005	0.0046	0.2336	0.2704	0.3078	0.1565	0.0266
sample_017_PC	221	67	1	0	3	2	29	29	53	18	5	2	6	31	44	30	9	3	4	1	3	10	9	6	6	7	7	47	35	22	14	13	4	2	5	2	1	2	0.0006	0.0054	0.2317	0.2811	0.3004	0.1507	0.0301
sample_018_PC	225	62	2	0	1	3	26	33	32	6	6	2	4	23	34	25	7	2	1	0	0	14	9	9	9	3	1	27	24	15	15	15	8	3	2	1	0	3	0.0002	0.0153	0.2237	0.3293	0.3221	0.0474	0.0619
sample_019_PC	239	46	1	0	0	0	19	8	54	1	12	3	2	29	10	31	6	0	1	0	0	13	18	9	2	2	1	25	17	16	13	7	4	4	3	0	7	3	0.0	0.0	0.1821	0.0576	0.6226	0.0211	0.1167
sample_020_PC	231	53	1	0	2	0	4	26	8	9	51	6	15	23	15	19	26	8	1	3	4	13	10	8	7	5	2	44	20	12	17	8	7	3	2	2	1	5	0.0007	0.0	0.0064	0.1887	0.057999999999999996	0.0245	0.7217
sample_021_PC	220	68	1	0	1	17	102	21	11	14	3	4	11	56	44	17	12	6	8	2	18	6	6	9	4	9	11	95	31	14	18	8	6	3	1	3	4	1	0.0002	0.0918	0.7161	0.1335	0.0123	0.0385	0.0077
sample_022_PC	236	50	2	0	3	1	20	14	42	8	8	2	1	19	17	29	5	6	0	0	2	18	10	7	8	1	1	25	13	15	14	13	7	4	2	1	1	4	0.0019	0.0109	0.1086	0.1213	0.5199	0.1215	0.1158
sample_023_PC	233	53	2	0	0	22	79	13	4	0	1	0	2	42	47	5	0	2	0	0	4	12	11	9	8	3	2	39	27	15	13	10	4	0	1	4	4	4	0.0	0.1614	0.716	0.0768	0.0458	0.0	0.0
sample_024_PC	261	25	2	0	6	10	16	12	10	7	3	0	6	12	8	9	5	4	1	2	8	29	8	4	4	0	0	21	2	6	9	7	3	3	2	5	4	8	0.0172	0.2181	0.2265	0.2233	0.1411	0.1366	0.0372
sample_025_PC	233	55	2	0	0	2	7	13	11	19	23	8	19	10	12	25	11	3	6	3	11	13	15	9	6	1	1	20	22	14	15	7	9	5	2	5	2	1	0.0	0.0073	0.0914	0.1478	0.1306	0.2524	0.3705
sample_026_PC	221	63	1	0	0	1	15	14	50	17	27	6	7	26	28	42	16	2	1	0	0	10	11	8	6	3	7	48	28	13	16	10	12	3	4	2	0	1	0.0	0.0023	0.0955	0.1075	0.4549	0.1434	0.1965
sample_027_PC	234	50	3	0	0	0	2	4	21	20	23	13	29	11	18	18	16	6	4	0	19	16	11	6	4	5	3	37	19	11	13	11	4	7	2	1	4	3	0.0	0.0	0.0207	0.0152	0.1982	0.2608	0.505
sample_028_PC	244	43	2	0	3	10	59	9	7	0	0	0	1	30	21	15	1	0	0	0	2	18	10	14	2	1	0	21	12	13	9	12	8	4	0	3	3	4	0.0004	0.1124	0.6890000000000001	0.1153	0.0829	0.0	0.0
sample_029_PC	240	47	2	0	2	1	7	11	30	17	13	8	8	16	15	14	16	4	1	2	8	18	11	10	2	2	2	24	16	15	13	8	4	7	3	1	2	4	0.0	0.0222	0.0318	0.1185	0.3406	0.235	0.2518
sample_030_PC	235	53	1	0	0	9	75	18	9	4	2	2	6	31	33	15	6	4	3	2	8	9	11	13	5	3	3	54	16	14	9	12	6	5	1	1	1	6	0.0	0.0465	0.8601	0.0648	0.0204	0.0069	0.0013
sample_031_PC	216	67	2	0	1	5	77	26	14	19	2	2	1	26	40	30	23	3	3	1	0	12	9	5	5	4	10	59	34	15	12	9	5	3	1	4	1	4	0.0	0.0471	0.7561	0.1442	0.0331	0.017	0.0025
sample_032_PC	204	84	1	0	0	9	96	58	20	8	3	1	1	26	103	28	12	4	0	2	0	6	3	8	11	4	13	98	47	12	16	6	5	5	1	2	2	2	0.0	0.0533	0.7865	0.1295	0.0228	0.0043	0.0036
sample_033_PC	247	40	2	0	0	1	5	10	17	6	23	8	22	15	10	12	11	5	7	2	10	21	9	8	4	1	2	23	16	8	13	11	3	3	5	1	4	5	0.0	0.0066	0.0312	0.1474	0.183	0.0876	0.5442
sample_034_PC	215	72	2	0	1	16	78	30	12	7	2	1	2	36	48	27	11	2	0	1	3	9	10	11	1	7	7	61	29	18	15	7	5	4	2	2	1	5	0.0	0.1122	0.7069	0.1085	0.0613	0.0062	0.005
sample_035_PC	204	83	1	0	1	17	118	58	9	8	3	0	7	38	120	15	11	3	0	6	8	9	7	3	3	4	19	121	48	15	12	7	6	5	1	3	1	2	0.0016	0.0515	0.8106	0.1215	0.008	0.0037	0.0032
sample_036_PC	226	60	2	0	0	0	4	20	16	16	40	9	32	17	17	21	27	10	8	7	10	15	5	6	6	7	6	56	25	21	9	5	2	5	6	1	4	3	0.0	0.0	0.0075	0.1838	0.0825	0.1619	0.5642
sample_037_PC	209	77	2	0	10	8	28	8	47	6	36	12	118	30	19	35	16	30	14	21	88	6	6	5	3	5	20	179	41	15	11	12	4	4	2	1	1	3	0.063	0.1532	0.3106	0.0464	0.21100000000000002	0.0145	0.2013
sample_038_PC	214	74	1	0	1	13	80	27	21	10	8	0	4	29	43	36	19	8	2	3	3	9	9	7	9	2	9	75	32	16	17	10	3	3	0	2	3	3	0.0	0.0977	0.6803	0.1647	0.0394	0.0087	0.0092
sample_039_PC	241	47	1	0	8	10	58	15	10	2	1	1	2	21	26	28	4	2	1	0	4	15	13	5	8	2	2	40	16	8	8	12	7	5	0	4	1	6	0.0023	0.0592	0.8347	0.0689	0.0302	0.0021	0.0025
sample_040_PC	243	45	2	0	0	25	73	10	4	2	2	0	4	38	37	11	3	4	0	0	7	13	9	10	8	2	3	49	16	9	15	6	7	6	4	1	1	6	0.0	0.1797	0.7325	0.087	0.0006	0.0002	0.0001
sample_041_PC	257	30	1	0	0	8	71	3	2	3	0	0	1	44	12	3	5	0	0	0	2	24	6	11	1	1	2	30	11	7	9	9	3	3	1	4	3	8	0.0	0.0673	0.9303	0.0016	0.0005	0.0003	0.0
sample_042_PC	263	19	1	0	9	7	20	10	1	1	0	0	0	6	10	7	1	0	1	0	0	39	5	0	0	0	0	4	3	3	5	7	4	4	2	3	4	9	0.1821	0.1354	0.4615	0.2074	0.0006	0.0131	0.0
sample_043_PC	250	32	1	0	0	17	56	3	1	1	1	0	0	24	27	2	1	2	0	0	0	25	7	9	1	2	0	22	7	8	7	9	8	5	1	3	3	6	0.0	0.1934	0.8046	0.0013	0.0006	0.0001	0.0
sample_044_PC	256	28	1	0	0	6	60	5	1	0	1	0	2	33	13	1	0	2	0	0	4	26	9	7	3	0	0	23	5	5	10	7	4	4	0	4	4	9	0.0	0.0567	0.8869	0.0558	0.0006	0.0	0.0
sample_045_PC	249	34	1	0	0	15	56	7	1	1	0	0	0	22	31	4	1	0	0	0	0	26	8	6	1	1	2	20	12	4	7	11	5	8	3	3	2	5	0.0	0.0546	0.8493	0.0933	0.0	0.0028	0.0
sample_046_PC	247	39	0	0	2	13	74	5	1	1	0	0	0	36	28	7	2	0	0	0	0	16	14	6	5	3	0	34	10	8	9	13	4	4	2	6	1	5	0.0001	0.0765	0.9082	0.0152	0.0	0.0	0.0
sample_047_PC	262	26	2	0	4	12	37	16	3	2	0	1	6	19	15	10	1	2	2	2	10	25	9	6	3	1	1	27	9	3	12	7	3	3	0	4	4	9	0.035	0.1413	0.5038	0.2855	0.0002	0.034	0.0001
sample_048_PC	267	21	1	0	3	7	29	4	7	1	0	0	0	14	6	6	2	0	0	0	0	36	8	0	0	0	0	5	3	3	7	8	5	3	0	2	5	10	0.0199	0.1547	0.5749	0.063	0.1874	0.0	0.0
sample_049_PC	258	28	1	0	6	6	54	6	3	0	1	0	0	25	13	14	1	1	0	0	0	26	9	6	4	0	0	24	7	5	8	10	4	2	0	4	3	9	0.0004	0.0672	0.9294	0.0025	0.0004	0.0	0.0
sample_050_PC	259	26	2	0	6	9	52	3	0	1	0	0	3	24	13	8	2	0	0	0	6	26	10	6	2	1	0	24	3	7	7	9	5	3	1	4	2	9	0.0034	0.0764	0.9183	0.0012	0.0	0.0002	0.0004
sample_051_PC	256	32	2	0	6	6	36	14	13	3	3	0	8	18	14	13	6	5	1	2	10	21	8	12	2	1	1	32	7	8	11	7	5	2	3	3	3	8	0.0489	0.1097	0.4741	0.146	0.1581	0.0574	0.0058
sample_052_PC	247	41	2	0	2	22	69	3	2	0	3	0	9	31	30	6	0	5	0	0	18	15	10	7	7	6	0	44	13	11	12	5	7	4	2	3	2	7	0.0002	0.1836	0.7685	0.0386	0.0018	0.0	0.0072
sample_053_PC	265	21	2	0	5	5	48	7	4	0	0	0	4	30	8	10	0	0	1	1	3	25	12	5	2	1	0	27	4	2	11	3	4	3	1	4	4	10	0.0004	0.0607	0.7897	0.0567	0.0924	0.0	0.0001
sample_054_PC	262	24	2	0	1	12	34	5	4	2	1	1	0	18	11	3	2	2	1	0	1	32	9	1	1	1	0	10	4	3	11	10	3	2	1	4	4	8	0.0	0.1371	0.6472	0.1151	0.0613	0.036000000000000004	0.0033
sample_055_PC	249	36	2	0	0	16	54	13	2	0	0	0	0	32	27	4	0	0	0	0	0	23	5	11	4	1	0	23	9	8	15	8	4	3	2	4	3	6	0.0	0.1476	0.6594	0.1551	0.0379	0.0	0.0
sample_056_PC	226	61	2	0	3	4	24	21	53	10	2	1	13	24	20	37	15	6	3	4	2	16	8	7	6	2	6	45	30	15	9	11	6	5	0	3	4	3	0.0002	0.0279	0.0907	0.1785	0.5479999999999999	0.0998	0.055
sample_057_PC	255	27	2	0	9	7	30	14	5	0	0	0	6	10	14	11	4	0	3	2	6	26	11	6	2	0	0	19	2	7	11	6	7	5	0	2	5	7	0.024	0.1311	0.5079	0.2161	0.1082	0.0	0.0127
sample_058_PC	261	22	2	0	6	5	17	14	10	2	1	1	7	15	8	3	1	4	0	0	11	31	8	5	1	0	0	16	0	5	8	6	5	7	1	4	4	7	0.0503	0.0853	0.34700000000000003	0.2451	0.1114	0.0729	0.08800000000000001
sample_059_PC	256	31	1	0	5	4	32	9	14	4	3	0	8	15	9	14	6	3	1	3	7	24	10	7	3	1	0	23	7	6	10	7	5	6	2	1	4	8	0.0604	0.037000000000000005	0.4737	0.1774	0.2063	0.0422	0.0031
sample_060_PC	260	24	1	0	5	10	20	7	6	3	4	1	3	10	13	4	0	1	1	4	5	32	10	2	1	0	0	12	5	2	9	6	4	3	1	2	4	11	0.0664	0.1131	0.4333	0.1759	0.1008	0.0667	0.0438
sample_061_PC	254	35	1	0	1	12	59	4	5	1	1	1	2	26	13	16	1	3	2	0	4	21	12	6	4	2	0	27	8	8	9	6	4	7	1	8	4	4	0.0	0.1521	0.7694	0.0689	0.0087	0.0008	0.0
sample_062_PC	249	39	2	0	1	15	66	5	5	1	1	0	7	28	28	8	2	2	0	3	9	16	12	9	4	3	1	37	10	9	12	6	5	7	3	5	4	3	0.0	0.1258	0.7985	0.0605	0.0148	0.0001	0.0003
sample_063_PC	263	25	2	0	11	5	18	14	11	2	1	0	5	13	7	8	5	3	2	0	8	29	9	5	2	0	0	15	3	6	7	8	5	5	5	3	2	8	0.1393	0.1131	0.3283	0.2439	0.1611	0.0123	0.002
sample_064_PC	255	32	2	0	0	1	6	15	12	9	25	6	10	14	11	12	10	3	3	5	7	19	16	5	2	3	0	25	10	9	7	9	3	4	3	5	4	5	0.0	0.0001	0.0377	0.1555	0.1743	0.2124	0.4201
sample_065_PC	257	31	1	0	5	1	8	17	9	6	26	7	6	14	4	9	12	10	3	1	10	24	8	8	2	3	0	26	11	7	9	6	5	3	2	7	3	6	0.0001	0.0	0.0058	0.1767	0.1348	0.1207	0.5619
sample_066_PC	261	27	1	0	13	5	16	9	16	5	1	0	5	5	7	15	3	6	2	2	8	29	8	6	1	1	0	17	8	6	6	8	4	2	2	6	3	8	0.0462	0.07	0.3135	0.2246	0.2877	0.0533	0.0046
sample_067_PC	266	21	1	0	5	2	33	8	5	4	0	0	2	14	6	8	4	0	0	0	4	33	7	3	1	0	0	14	2	4	6	7	3	4	0	5	5	9	0.0151	0.0108	0.6322	0.1219	0.1194	0.1007	0.0
sample_068_PC	259	28	2	0	4	9	48	8	6	1	0	1	4	23	11	13	2	1	2	0	8	24	11	6	2	1	1	27	8	6	7	8	5	3	0	6	4	7	0.0022	0.0882	0.7051	0.1384	0.0465	0.0006	0.019
sample_069_PC	252	36	1	0	1	10	40	20	9	1	0	0	0	25	27	7	1	0	0	0	0	26	6	8	3	2	0	18	7	11	9	9	8	7	1	7	1	3	0.0	0.0821	0.5398	0.3005	0.0775	0.0	0.0
sample_070_PC	251	36	1	0	1	13	55	1	6	1	2	0	2	24	16	9	2	3	1	0	4	25	7	6	4	2	0	20	5	9	15	12	4	3	1	2	6	4	0.0	0.1414	0.7509999999999999	0.009000000000000001	0.0875	0.011000000000000001	0.0001
sample_071_PC	230	54	1	0	2	26	71	7	10	0	1	1	3	24	49	14	2	2	1	1	6	18	6	8	4	4	4	51	16	11	16	8	4	3	1	3	5	3	0.0	0.1277	0.7555	0.0191	0.0975	0.0	0.0001
sample_072_PC	261	25	3	0	2	13	46	2	3	1	1	0	0	25	11	6	3	2	1	0	0	26	11	8	0	0	0	17	4	8	10	5	4	2	1	3	5	9	0.0195	0.1359	0.8192	0.0189	0.0062	0.0002	0.0
sample_073_PC	263	24	2	0	4	9	39	5	5	1	1	0	5	19	10	7	1	2	1	1	7	27	10	7	1	0	0	21	3	7	7	6	4	4	1	2	4	10	0.0203	0.1145	0.6938	0.1192	0.0335	0.0185	0.0001
sample_074_PC	240	47	2	0	4	2	2	18	13	6	41	4	26	15	13	9	24	9	10	6	9	11	11	16	3	2	2	43	20	13	13	2	5	7	0	3	4	6	0.0012	0.0078	0.0032	0.1377	0.0622	0.1161	0.6718
sample_075_PC	227	60	2	0	0	1	40	9	67	7	11	3	7	19	23	65	2	4	0	1	11	12	11	7	8	1	6	59	29	16	17	6	4	1	4	5	2	2	0.0	0.0001	0.2021	0.043	0.6422	0.0357	0.077
sample_076_PC	217	70	2	0	0	1	48	8	72	10	14	0	6	35	20	66	6	4	0	2	6	14	10	8	1	2	10	65	32	21	20	7	2	2	3	4	1	2	0.0	0.0001	0.2151	0.0598	0.6075	0.0431	0.0743
sample_077_PC	260	27	2	0	11	8	28	13	6	0	0	2	5	12	11	10	3	4	1	3	8	26	10	7	1	1	0	21	6	4	9	8	6	3	0	3	6	7	0.0917	0.1144	0.4885	0.2255	0.0798	0.0	0.0002
sample_078_PC	264	22	2	0	4	6	27	9	13	1	0	0	4	14	12	10	0	0	1	1	6	30	8	6	1	0	0	18	3	3	7	9	2	4	0	4	5	9	0.0032	0.0726	0.5011	0.1521	0.2707	0.0004	0.0001
sample_079_PC	226	61	2	0	0	4	38	36	31	8	9	1	11	28	33	22	11	3	2	3	15	14	10	4	7	5	5	57	25	16	13	11	4	2	0	3	2	5	0.0	0.0163	0.2367	0.4839	0.1813	0.0547	0.027000000000000003
sample_080_PC	228	59	2	0	0	2	35	40	25	6	4	2	11	25	33	18	7	2	5	1	13	13	12	9	4	3	4	45	24	15	13	9	8	0	0	3	3	5	0.0	0.0115	0.2572	0.4905	0.1963	0.0256	0.019
sample_081_PC	225	62	2	0	0	1	34	36	28	8	7	2	8	23	36	18	7	7	3	0	9	15	8	10	4	5	3	40	27	14	16	10	6	1	0	3	2	5	0.0	0.0107	0.2377	0.4761	0.2042	0.0417	0.0296
sample_082_PC	249	36	2	0	0	6	31	19	16	3	3	3	7	21	18	4	4	4	3	3	10	21	9	12	0	2	1	30	6	10	11	7	4	4	2	4	4	6	0.0	0.0505	0.3807	0.3249	0.2084	0.0002	0.0352
sample_083_PC	255	31	2	0	17	10	27	6	7	2	0	0	1	10	12	16	7	2	0	0	2	26	10	9	0	0	0	15	3	8	8	10	5	6	0	5	4	6	0.1769	0.1338	0.4337	0.0829	0.1411	0.0315	0.0001
sample_084_PC	237	49	1	0	0	0	17	13	37	7	4	2	10	13	13	19	3	4	6	1	10	23	9	5	5	2	1	15	16	13	13	13	5	3	1	6	1	4	0.0	0.0	0.1631	0.1562	0.4615	0.1275	0.0916
sample_085_PC	242	45	2	0	2	3	20	14	42	5	4	2	2	16	16	23	12	2	1	0	2	19	8	10	6	0	1	23	15	13	8	13	7	6	1	2	2	4	0.0124	0.0052	0.1917	0.1696	0.4845	0.1042	0.0325
sample_086_PC	252	33	2	0	4	3	19	7	23	7	6	0	4	12	11	15	4	5	0	0	5	26	11	6	0	2	0	14	10	6	12	9	5	2	0	4	3	8	0.0534	0.0696	0.3114	0.1014	0.2638	0.0902	0.1102
sample_087_PC	258	29	2	0	9	5	22	7	18	5	2	0	5	10	7	14	3	11	0	2	5	26	9	8	2	0	0	18	6	7	9	8	6	4	0	5	3	7	0.0448	0.1094	0.3873	0.125	0.2308	0.0778	0.0249
sample_088_PC	242	42	2	0	1	4	19	27	17	10	2	2	0	14	23	16	8	0	1	0	0	21	14	6	2	1	1	14	11	7	18	9	6	4	4	4	2	3	0.0009	0.0356	0.2099	0.3235	0.2399	0.1305	0.0597
sample_089_PC	256	30	2	0	4	15	24	8	18	3	1	0	7	10	13	13	7	2	2	3	8	21	15	3	3	2	0	22	7	9	10	9	2	6	2	4	3	6	0.0471	0.23199999999999998	0.4042	0.1196	0.1536	0.0082	0.0354
sample_090_PC	251	36	1	0	0	0	0	19	17	13	39	2	9	18	17	18	13	4	2	0	6	15	14	8	6	1	1	39	12	9	8	5	2	9	5	2	2	6	0.0	0.0	0.0	0.1475	0.0579	0.2261	0.5685
sample_091_PC	252	36	1	0	0	1	21	16	32	1	2	0	3	9	17	21	1	3	2	0	2	24	11	8	1	1	0	16	12	5	11	7	5	5	0	5	4	6	0.0	0.0107	0.1982	0.321	0.4683	0.0002	0.0016
sample_092_PC	250	38	1	0	1	4	21	19	32	1	0	1	1	16	20	18	1	1	0	0	3	25	9	7	2	1	1	20	10	6	12	5	5	6	2	6	3	5	0.0	0.0348	0.1852	0.3576	0.3884	0.0341	0.0
sample_093_PC	244	44	1	0	1	3	29	25	40	2	0	0	3	21	22	32	1	0	2	2	2	20	8	7	5	2	3	37	14	8	14	7	4	4	1	6	3	5	0.0005	0.0324	0.2002	0.2875	0.4449	0.0345	0.0
sample_094_PC	244	40	2	0	2	0	14	12	42	4	6	0	10	15	15	18	5	7	0	0	10	20	12	7	3	1	2	26	9	11	11	9	3	6	4	3	4	4	0.0006	0.0	0.1615	0.1307	0.5539999999999999	0.0368	0.1165
sample_095_PC	250	35	2	0	0	0	9	17	30	3	11	4	3	19	10	14	6	1	3	2	0	25	7	8	4	0	0	16	6	6	12	11	4	8	2	7	4	1	0.0	0.0	0.1498	0.2603	0.3405	0.0313	0.2181
sample_096_PC	240	43	2	0	1	16	65	8	8	2	1	1	4	29	25	17	2	5	1	1	5	19	11	9	1	1	4	37	16	16	10	7	5	2	1	2	4	6	0.0001	0.07	0.8317	0.0546	0.0355	0.003	0.005
sample_097_PC	261	25	2	0	11	5	31	10	9	1	0	0	6	12	10	16	2	1	1	0	10	23	13	5	3	0	0	22	2	7	9	7	4	4	0	6	4	8	0.0291	0.0584	0.5143	0.212	0.1512	0.0341	0.0008
sample_098_PC	237	46	2	0	0	2	16	28	39	6	4	3	6	17	26	20	6	3	3	2	6	17	8	12	4	2	2	33	18	14	10	3	6	5	3	5	2	5	0.0	0.0042	0.1222	0.2846	0.5086	0.0382	0.0423
sample_099_PC	236	52	1	0	0	24	68	9	6	3	1	0	4	24	44	9	7	2	1	1	5	13	13	9	3	4	3	42	19	14	10	6	7	4	3	2	3	5	0.0	0.1442	0.7516	0.0471	0.0402	0.0155	0.0013
sample_100_PC	242	43	2	0	4	2	25	19	40	1	1	2	1	26	11	29	0	8	1	0	0	19	13	5	4	3	1	27	15	17	10	2	5	4	0	5	3	7	0.0001	0.0074	0.18100000000000002	0.3251	0.4494	0.0	0.0368
sample_101_PC	245	40	2	0	3	2	9	13	10	14	28	0	3	12	11	9	15	9	0	5	1	23	11	6	3	1	1	18	13	13	8	5	6	4	0	5	3	7	0.0003	0.012	0.0636	0.12300000000000001	0.1621	0.2239	0.4152
sample_102_PC	242	43	2	0	2	0	7	15	12	17	35	1	3	17	10	15	20	6	1	3	0	21	10	7	4	2	1	23	16	16	9	4	5	4	1	5	3	6	0.0002	0.0	0.0291	0.1486	0.1187	0.2543	0.4491
sample_103_PC	265	22	2	0	8	9	26	3	10	0	1	0	8	10	3	10	7	1	1	2	10	30	10	4	0	0	1	19	2	5	6	7	3	5	1	2	5	10	0.0517	0.129	0.5068	0.1034	0.2038	0.0	0.0052
sample_104_PC	241	42	1	0	1	25	52	13	3	3	0	1	0	23	38	10	2	3	1	0	0	19	13	4	5	2	2	30	16	11	10	10	4	4	3	1	4	5	0.0	0.1592	0.7303	0.0864	0.0214	0.0015	0.0013
sample_105_PC	239	44	1	0	3	1	16	13	43	7	5	2	7	22	12	18	5	8	4	3	4	21	10	6	5	1	2	31	15	8	9	11	5	5	3	1	3	6	0.0005	0.0004	0.0954	0.1099	0.6312	0.0682	0.0944
sample_106_PC	259	28	1	0	7	12	25	15	3	4	0	1	3	15	15	6	5	2	1	2	3	26	12	6	0	1	0	19	4	5	10	8	1	6	0	4	6	7	0.1048	0.1447	0.38799999999999996	0.2915	0.0154	0.0215	0.0341
sample_107_PC	245	42	1	0	0	2	2	15	6	9	35	8	18	17	12	15	14	5	8	2	1	20	8	13	1	1	2	28	13	13	14	7	3	2	1	4	4	6	0.0	0.0211	0.0114	0.1547	0.0432	0.1105	0.6592
sample_108_PC	236	48	2	0	1	11	30	38	13	5	3	2	3	16	40	14	6	4	0	2	4	16	10	12	2	1	4	34	19	10	13	6	6	6	2	4	1	5	0.0001	0.0621	0.2218	0.5038	0.1446	0.0318	0.0358
sample_109_PC	252	33	2	0	1	1	8	9	29	13	12	3	9	17	7	15	6	9	3	1	6	22	14	5	0	2	2	27	10	6	9	8	6	6	0	3	3	7	0.0002	0.0133	0.0475	0.1502	0.3924	0.2188	0.1776
sample_110_PC	253	32	2	0	0	0	14	11	25	8	12	2	5	17	8	16	1	6	0	3	5	26	10	4	4	0	1	19	11	8	6	8	4	6	1	4	2	8	0.0	0.0	0.0799	0.1652	0.428	0.1449	0.182
sample_111_PC	242	43	2	0	0	6	24	28	27	3	6	3	7	19	17	21	4	6	3	3	10	19	12	3	7	1	3	39	15	8	13	8	2	4	2	4	3	6	0.0	0.012	0.1613	0.3072	0.4612	0.019	0.0393
sample_112_PC	259	24	1	0	5	6	9	13	15	0	4	3	9	10	2	4	6	4	4	3	9	29	13	2	0	1	0	17	1	5	9	7	3	5	1	4	4	8	0.0847	0.1089	0.1897	0.2711	0.2483	0.0	0.0972
sample_113_PC	234	53	2	0	0	3	37	22	46	1	8	1	6	23	27	36	5	5	4	1	2	16	6	9	7	2	5	44	21	13	15	9	10	3	1	4	1	3	0.0	0.0164	0.2364	0.2058	0.4345	0.0092	0.0978
sample_114_PC	237	49	2	0	9	5	32	18	35	6	4	1	9	16	20	31	9	10	1	1	10	13	12	9	5	2	4	45	22	10	12	9	6	2	2	4	1	6	0.0125	0.0059	0.2778	0.239	0.35700000000000004	0.067	0.0407
sample_115_PC	245	42	2	0	1	18	50	23	4	1	0	0	2	31	29	13	1	0	0	0	4	17	11	9	5	2	1	30	17	10	10	9	4	4	1	7	1	6	0.0	0.1593	0.5063	0.3136	0.0208	0.0	0.0
sample_116_PC	257	30	1	0	10	6	27	11	11	5	1	0	2	17	11	12	5	1	1	0	4	24	11	7	2	0	0	20	6	7	7	6	4	4	2	6	3	8	0.0478	0.1213	0.4418	0.1442	0.1629	0.079	0.0032
sample_117_PC	260	27	2	0	7	12	15	15	7	3	1	1	3	10	12	9	7	0	0	0	5	29	12	1	1	0	1	14	1	5	7	12	6	4	0	3	4	8	0.076	0.2002	0.2654	0.2821	0.046	0.0641	0.0662
sample_118_PC	256	33	0	0	1	1	5	10	10	14	28	3	6	12	8	7	10	7	3	0	8	24	9	11	1	0	0	24	6	11	5	8	7	2	1	2	2	10	0.0002	0.0107	0.0135	0.14300000000000002	0.1343	0.2107	0.4876
sample_119_PC	250	38	1	0	3	4	2	10	19	9	20	7	19	13	14	15	8	9	1	2	9	20	10	8	5	1	1	30	12	13	6	10	5	3	0	3	2	9	0.0106	0.003	0.0558	0.1254	0.2287	0.0972	0.4792
sample_120_PC	246	41	1	0	1	2	17	23	29	9	4	3	7	20	14	21	6	1	2	3	6	21	8	9	4	2	1	32	14	7	6	11	7	6	0	4	3	5	0.0002	0.0199	0.1647	0.3067	0.3306	0.1223	0.0556
sample_121_PC	241	46	2	0	3	21	64	7	3	1	2	0	1	36	27	9	3	3	1	0	2	13	12	11	5	3	0	31	17	14	10	4	8	5	1	5	4	3	0.0004	0.1682	0.7848	0.0452	0.0013	0.0	0.0001
sample_122_PC	243	44	2	0	7	7	37	28	14	4	2	1	5	16	31	15	10	4	2	1	5	18	8	10	5	2	2	34	19	8	16	8	4	3	0	3	3	7	0.0108	0.0158	0.3795	0.4035	0.1463	0.0062	0.0381
sample_123_PC	254	32	2	0	1	3	11	11	30	11	6	2	11	15	10	9	3	11	0	4	12	19	13	8	3	0	1	27	10	8	11	8	3	1	1	9	2	6	0.0007	0.0316	0.1411	0.1984	0.4247	0.1043	0.0992
sample_124_PC	246	41	1	0	3	2	16	11	38	12	5	3	8	19	16	16	4	7	7	2	5	15	13	9	4	2	1	30	16	12	8	11	3	2	3	5	3	5	0.0005	0.0002	0.1558	0.2198	0.4198	0.1097	0.0942
sample_125_PC	246	39	2	0	1	22	59	7	7	2	2	1	6	26	31	13	3	3	1	2	8	17	6	13	5	3	1	43	13	8	12	8	7	3	1	5	1	6	0.0	0.1937	0.7316	0.0604	0.008	0.0023	0.0039
sample_126_PC	258	27	2	0	14	8	25	4	15	3	3	1	10	9	9	12	5	10	3	4	10	22	9	10	4	0	0	32	5	7	8	7	5	2	0	5	3	9	0.0911	0.1028	0.5633	0.0645	0.1264	0.035	0.0169
sample_127_PC	247	42	1	0	0	1	28	11	49	4	5	1	6	25	12	31	4	2	0	0	10	18	8	11	4	2	2	37	18	13	11	4	4	5	2	0	5	6	0.0	0.0108	0.2043	0.2522	0.4703	0.0167	0.0458
sample_128_PC	262	25	1	0	12	10	35	7	15	1	0	1	3	21	16	14	5	1	0	0	6	25	11	3	2	2	2	33	5	5	9	9	3	3	3	2	4	8	0.11900000000000001	0.1058	0.5961	0.1297	0.0491	0.0002	0.0
sample_129_BC	236	52	1	0	7	10	47	6	37	2	8	2	24	19	16	27	11	10	1	6	31	14	7	5	6	5	8	67	24	15	9	7	2	5	4	1	4	5	0.0109	0.1169	0.4829	0.0765	0.2835	0.0106	0.0187
sample_130_BC	239	48	3	0	1	5	33	29	38	6	7	2	14	38	21	18	14	6	2	1	15	18	7	6	4	1	9	56	29	10	13	7	3	4	3	3	3	4	0.0004	0.0141	0.2714	0.3035	0.3412	0.0325	0.0369
sample_131_BC	225	63	1	0	0	0	20	9	59	13	16	9	13	20	23	33	12	12	8	4	6	8	13	6	8	5	5	58	25	17	12	5	7	3	2	4	2	4	0.0	0.0	0.1421	0.0868	0.5765	0.0692	0.1253
sample_132_BC	263	23	2	0	5	4	28	13	7	0	2	1	7	9	10	6	7	1	2	0	12	26	13	5	1	0	0	19	2	6	10	6	2	3	1	5	3	10	0.0146	0.0451	0.6535	0.1384	0.1311	0.0	0.0173
sample_133_BC	260	27	2	0	6	4	21	13	16	3	3	0	8	8	11	12	3	4	2	1	11	24	11	6	3	0	0	23	3	8	8	8	3	3	0	6	5	7	0.0082	0.049	0.4366	0.2044	0.2666	0.0322	0.003
sample_134_BC	254	34	1	0	4	3	26	25	10	5	3	2	1	13	23	8	7	4	2	0	2	24	11	5	3	2	0	20	8	9	10	9	6	0	3	3	4	7	0.0107	0.0092	0.4325	0.4043	0.0767	0.0279	0.0388
sample_135_BC	236	45	2	0	2	0	19	25	39	13	8	3	5	30	22	19	12	5	3	0	3	17	8	11	1	4	4	46	20	10	12	7	3	0	3	2	4	7	0.0001	0.0	0.1085	0.3984	0.297	0.1403	0.0558
sample_136_BC	255	32	2	0	5	6	24	11	14	4	7	1	5	11	8	14	5	11	2	1	4	19	19	3	1	2	0	19	7	6	10	9	6	8	0	3	3	6	0.0335	0.132	0.4323	0.135	0.1427	0.0625	0.0621
sample_137_BC	252	35	2	0	3	1	13	14	29	5	14	4	7	17	19	17	3	9	1	1	1	17	15	7	3	1	1	26	15	7	9	7	5	9	0	4	2	6	0.0003	0.0121	0.1507	0.2845	0.3305	0.0735	0.1484
sample_138_BC	252	35	1	0	6	23	56	9	2	1	1	0	3	34	24	14	0	1	2	1	5	18	13	5	4	1	4	41	11	5	9	13	4	5	1	3	2	7	0.0005	0.2837	0.6425	0.0659	0.0015	0.0058	0.0001
sample_139_BC	253	34	1	0	4	19	59	8	2	4	0	4	3	32	21	12	6	0	4	3	5	21	8	4	7	1	4	42	11	7	11	10	5	3	2	2	2	8	0.0002	0.2556	0.6599	0.0768	0.0013	0.0062	0.0001
sample_140_BC	234	53	2	0	7	8	15	29	30	9	13	3	8	13	32	15	19	9	4	8	1	12	13	7	4	2	6	44	25	14	12	6	7	3	1	1	4	5	0.0115	0.0145	0.07200000000000001	0.3725	0.3575	0.0661	0.1059
sample_141_BC	237	49	2	0	7	4	7	15	27	15	10	13	14	13	19	10	21	10	4	6	8	12	11	12	4	2	3	38	19	14	13	6	8	2	2	1	4	5	0.0124	0.009000000000000001	0.0052	0.1532	0.2942	0.237	0.289
sample_142_BC	220	67	1	0	15	7	35	16	34	13	23	6	32	21	26	35	18	19	6	6	30	8	5	7	8	5	12	96	29	15	10	12	6	2	4	3	1	3	0.0933	0.1501	0.2616	0.1413	0.2276	0.0432	0.0827
sample_143_BC	238	47	2	0	19	11	26	14	30	15	13	3	23	23	20	22	17	13	13	5	21	10	7	8	6	6	8	85	20	13	7	5	5	4	3	4	5	3	0.0402	0.1396	0.2676	0.1862	0.2486	0.0719	0.0459
sample_144_BC	244	43	1	0	18	10	33	20	18	4	3	1	6	18	23	22	12	7	0	2	8	11	14	7	5	6	1	48	10	9	14	9	4	4	4	3	3	5	0.0765	0.0134	0.45399999999999996	0.293	0.1309	0.0169	0.0154
sample_145_BC	232	54	2	0	1	4	5	6	13	22	30	16	21	19	23	19	21	6	5	0	4	16	8	7	4	4	5	39	28	10	11	7	5	5	2	3	3	5	0.0	0.0521	0.022000000000000002	0.0247	0.0848	0.2258	0.5907
sample_146_BC	242	45	2	0	12	23	75	13	0	1	0	1	1	40	41	20	0	0	2	0	2	18	9	5	6	3	4	60	15	6	13	10	6	5	2	1	2	6	0.0053	0.2255	0.614	0.1547	0.0	0.0005	0.0
sample_147_BC	253	34	2	0	3	15	65	9	2	2	3	0	2	38	22	8	4	4	0	0	4	25	6	4	6	1	3	46	5	6	12	8	7	4	0	2	2	9	0.0008	0.22	0.6384	0.1407	0.0	0.0	0.0
sample_148_BC	234	52	2	0	12	5	37	27	25	3	10	3	22	17	23	20	15	9	7	6	27	11	11	8	2	6	7	63	31	10	11	5	7	4	1	4	3	5	0.0175	0.0372	0.5083	0.2388	0.1352	0.0258	0.037000000000000005
sample_149_BC	224	62	2	0	8	7	61	22	33	12	7	7	19	34	33	25	20	9	8	4	23	6	12	9	2	8	8	88	35	13	12	9	3	5	1	2	4	4	0.0119	0.0362	0.6065	0.1958	0.0834	0.0432	0.023
sample_150_BC	263	24	2	0	0	0	6	9	20	9	17	0	10	20	11	8	2	1	0	1	7	26	11	6	2	0	0	21	4	4	11	5	4	5	1	3	4	9	0.0	0.0	0.0386	0.2544	0.2691	0.1394	0.2984
sample_151_BC	261	26	2	0	1	0	7	10	21	12	15	2	7	23	9	11	3	1	2	2	3	25	11	5	4	0	0	23	5	5	12	5	3	5	1	3	6	7	0.0	0.0	0.0493	0.2447	0.2852	0.1987	0.2221
sample_152_BC	258	27	3	0	0	0	20	3	45	5	12	0	0	23	11	30	0	1	0	0	0	22	8	11	2	2	0	29	7	7	9	9	4	5	1	4	3	7	0.0	0.0	0.1511	0.0185	0.6713	0.0374	0.1216
sample_153_BC	232	55	1	0	0	9	14	46	30	12	4	7	8	24	38	18	10	9	1	3	4	17	9	2	4	4	8	54	20	17	9	10	5	7	1	2	1	4	0.0	0.0533	0.1281	0.493	0.17800000000000002	0.124	0.0237
sample_154_PC	222	64	2	0	9	15	42	22	30	4	3	0	4	20	34	30	11	7	2	3	2	11	8	9	9	6	2	34	36	15	22	8	2	3	0	2	4	3	0.0201	0.1614	0.3685	0.1599	0.2067	0.0275	0.055999999999999994
sample_155_BC	176	91	0	0	1	16	151	30	9	1	2	1	2	117	55	7	2	4	2	0	4	6	3	8	2	4	17	101	52	26	14	7	9	2	0	0	0	2	0.0009	0.1254	0.7714	0.1002	0.0021	0.0001	0.0
