sample	A[C>A]A	A[C>A]C	A[C>A]G	A[C>A]T	C[C>A]A	C[C>A]C	C[C>A]G	C[C>A]T	G[C>A]A	G[C>A]C	G[C>A]G	G[C>A]T	T[C>A]A	T[C>A]C	T[C>A]G	T[C>A]T	A[C>G]A	A[C>G]C	A[C>G]G	A[C>G]T	C[C>G]A	C[C>G]C	C[C>G]G	C[C>G]T	G[C>G]A	G[C>G]C	G[C>G]G	G[C>G]T	T[C>G]A	T[C>G]C	T[C>G]G	T[C>G]T	A[C>T]A	A[C>T]C	A[C>T]G	A[C>T]T	C[C>T]A	C[C>T]C	C[C>T]G	C[C>T]T	G[C>T]A	G[C>T]C	G[C>T]G	G[C>T]T	T[C>T]A	T[C>T]C	T[C>T]G	T[C>T]T	A[T>A]A	A[T>A]C	A[T>A]G	A[T>A]T	C[T>A]A	C[T>A]C	C[T>A]G	C[T>A]T	G[T>A]A	G[T>A]C	G[T>A]G	G[T>A]T	T[T>A]A	T[T>A]C	T[T>A]G	T[T>A]T	A[T>C]A	A[T>C]C	A[T>C]G	A[T>C]T	C[T>C]A	C[T>C]C	C[T>C]G	C[T>C]T	G[T>C]A	G[T>C]C	G[T>C]G	G[T>C]T	T[T>C]A	T[T>C]C	T[T>C]G	T[T>C]T	A[T>G]A	A[T>G]C	A[T>G]G	A[T>G]T	C[T>G]A	C[T>G]C	C[T>G]G	C[T>G]T	G[T>G]A	G[T>G]C	G[T>G]G	G[T>G]T	T[T>G]A	T[T>G]C	T[T>G]G	T[T>G]T
sample_001_PC	1	1	0	0	0	0	1	0	1	0	0	1	0	1	1	0	1	0	0	1	0	1	0	1	0	1	0	1	3	0	0	0	0	0	5	0	2	0	3	0	1	0	10	0	1	0	2	3	0	0	0	0	0	0	0	0	0	0	0	0	0	0	1	1	0	0	2	0	0	0	1	1	0	1	0	1	1	1	0	0	1	0	0	0	0	0	0	0	0	1	1	0	0	0	0	0
sample_002_PC	0	2	0	0	0	1	0	0	1	0	1	0	0	0	1	0	0	0	0	0	0	0	1	0	0	0	1	0	0	0	0	2	0	1	8	2	1	1	6	1	3	1	7	0	1	0	3	1	1	2	1	0	0	1	0	0	0	0	0	0	1	0	0	0	1	1	2	0	0	1	2	1	1	0	1	0	0	0	0	0	0	0	0	0	0	1	0	0	1	0	0	0	0	0	0	1
sample_003_PC	1	0	0	1	2	0	0	2	0	1	0	1	0	2	1	0	0	1	0	0	1	0	0	0	0	0	0	0	0	0	3	0	3	0	4	0	3	2	5	1	0	1	12	1	3	2	4	0	0	1	0	0	0	0	0	0	1	0	0	0	1	0	0	0	0	0	0	0	0	2	1	1	1	0	0	0	0	0	1	0	0	0	0	0	0	0	1	1	0	0	1	0	0	1	0	0
sample_004_PC	0	1	0	0	0	0	0	1	1	0	0	0	2	2	0	0	2	0	0	0	0	0	0	1	0	0	0	0	0	2	1	0	2	0	4	0	0	2	4	0	2	1	9	0	2	0	5	1	0	0	0	0	0	1	0	0	0	0	0	0	0	1	0	0	1	0	0	0	0	1	0	0	0	0	0	0	0	1	0	0	0	0	0	0	0	0	0	1	0	0	0	0	0	0	1	0
sample_005_PC	1	2	0	0	0	0	1	1	3	4	0	0	1	0	0	2	2	1	0	0	0	2	0	1	1	0	2	1	1	2	0	3	1	1	13	3	2	3	17	2	5	1	14	2	3	1	5	1	2	0	1	0	1	2	1	1	1	0	0	0	1	1	0	0	1	0	1	4	0	2	2	2	2	1	3	0	1	0	1	1	6	1	0	0	0	0	0	0	0	0	0	0	3	1	0	2
sample_006_PC	1	0	0	0	0	2	0	1	0	1	0	0	2	2	0	0	0	0	0	3	1	0	0	1	0	1	1	0	7	1	0	4	0	0	7	1	1	1	8	1	3	2	4	1	5	1	9	4	0	0	0	0	0	0	0	1	0	0	1	0	0	0	1	0	0	0	0	0	1	0	0	0	1	1	2	0	0	2	3	0	0	0	0	0	1	0	2	2	0	0	0	0	1	0	0	1
sample_007_PC	5	3	0	1	4	4	1	1	0	3	1	2	5	1	1	1	2	3	0	2	0	3	0	3	0	4	0	0	7	4	0	7	2	3	2	2	2	3	7	8	3	4	5	1	4	4	1	5	1	3	0	2	0	3	1	1	1	0	1	1	2	3	1	1	3	1	0	2	1	2	1	4	1	0	0	1	3	0	0	0	1	0	0	1	0	1	0	0	1	0	1	2	0	1	0	0
sample_008_PC	5	6	2	4	7	9	2	4	3	3	2	3	6	4	2	1	4	2	1	5	2	5	1	3	2	2	0	2	5	1	1	9	3	3	17	2	10	4	12	1	4	5	13	4	1	7	7	9	0	2	2	1	2	1	0	1	4	2	1	1	1	2	2	0	2	0	3	1	3	6	6	2	1	5	1	3	1	0	2	2	0	0	2	2	0	3	3	5	0	0	0	1	0	0	0	1
sample_009_PC	3	1	0	1	1	4	1	0	1	2	0	0	2	2	1	2	0	0	1	4	1	0	3	1	0	0	0	2	1	2	1	2	2	0	5	0	2	1	5	3	6	4	2	2	0	2	4	1	0	0	1	1	1	2	1	0	1	3	1	0	1	0	0	0	0	1	1	0	2	0	1	0	0	0	1	1	0	3	1	0	0	0	1	0	0	2	1	1	0	0	1	2	0	1	2	1
sample_010_PC	3	3	0	3	2	6	1	7	5	6	2	8	5	4	2	2	1	2	3	2	2	4	0	1	2	1	1	2	0	5	0	3	0	2	8	2	3	1	5	3	4	5	7	2	2	3	2	4	1	3	2	2	0	1	2	0	1	1	2	0	1	0	0	1	4	1	2	2	0	2	5	1	0	1	0	1	1	1	1	0	0	1	1	0	0	1	1	0	1	0	1	1	0	0	0	0
sample_011_PC	3	0	0	0	2	1	1	1	2	1	0	0	1	0	1	1	0	0	1	0	2	0	1	1	0	2	0	0	0	1	0	0	1	2	6	1	2	2	11	1	3	2	13	1	2	0	6	1	0	1	0	0	0	1	2	1	0	0	1	0	0	0	0	0	1	0	0	1	0	0	0	0	0	1	0	1	0	0	0	0	1	0	1	0	0	1	0	0	0	0	0	1	0	0	1	0
sample_012_PC	2	1	0	3	0	7	1	0	6	4	1	2	3	2	0	3	1	0	2	3	2	2	0	3	4	1	0	4	2	4	0	5	8	7	4	0	5	2	8	2	4	3	8	2	4	4	3	4	0	1	1	1	2	2	1	5	2	0	0	1	2	1	0	1	1	2	0	2	1	2	1	3	2	0	2	1	2	0	3	1	0	0	0	0	0	3	4	3	0	3	1	1	0	0	1	1
sample_013_PC	3	7	3	1	9	10	1	9	3	6	1	6	5	1	1	3	3	2	0	5	3	2	4	4	1	9	2	4	10	5	2	7	3	2	16	5	4	5	19	9	8	3	16	3	8	8	8	3	1	1	2	0	0	4	5	2	1	0	2	0	1	3	0	0	1	3	5	4	4	2	7	1	3	0	3	0	3	0	2	1	0	1	1	0	0	1	3	2	1	2	3	1	1	2	2	1
sample_014_PC	0	7	1	2	5	4	1	4	3	6	1	2	2	8	0	2	0	3	1	1	3	0	1	2	1	3	0	3	6	4	0	4	2	3	14	3	2	2	9	6	3	5	21	3	4	3	4	4	0	1	0	0	0	2	2	0	0	1	0	0	0	0	0	0	2	2	2	1	1	2	3	1	2	2	1	1	0	0	0	2	0	1	1	2	0	1	4	0	0	0	0	2	2	1	1	0
sample_015_PC	4	6	0	2	3	7	0	4	3	4	2	1	1	3	0	2	2	0	2	0	3	2	3	3	3	3	0	1	1	1	1	1	1	2	10	1	3	6	10	5	1	5	9	1	3	2	2	2	0	0	1	2	2	4	2	1	1	0	1	1	0	0	0	0	2	1	2	0	0	0	1	1	1	1	2	1	1	1	0	2	1	1	1	0	1	1	2	0	0	1	2	0	0	1	0	0
sample_016_PC	0	3	1	3	2	3	0	6	0	5	0	2	4	5	0	1	0	0	1	1	2	0	1	2	1	2	1	2	2	3	0	2	2	1	6	1	1	4	13	4	3	2	7	2	3	5	1	4	1	3	1	0	0	0	1	3	3	1	1	0	2	0	0	2	2	2	0	1	1	1	0	2	1	2	1	2	0	2	1	0	1	2	0	0	1	3	1	2	0	1	1	0	0	0	0	2
sample_017_PC	0	4	2	3	2	3	0	5	0	5	0	2	4	4	0	1	0	0	1	1	2	0	1	3	1	2	1	2	2	3	0	3	2	1	5	1	2	5	13	4	3	2	8	2	3	3	1	3	1	3	1	0	0	0	1	2	2	0	1	0	1	0	0	2	2	1	1	0	0	1	0	2	1	2	1	2	0	1	1	0	0	1	1	0	1	2	1	2	0	1	1	0	0	2	0	2
sample_018_PC	3	5	3	5	9	16	4	7	4	7	2	4	4	2	2	1	5	5	1	2	3	5	2	3	1	2	2	4	3	1	0	7	0	2	17	3	6	6	8	3	4	1	17	6	3	5	5	7	1	1	1	0	2	4	2	2	2	2	2	1	3	2	1	0	4	3	4	3	4	9	2	3	2	0	3	3	4	2	1	2	2	0	2	2	0	3	7	3	0	1	4	1	0	1	1	1
sample_019_PC	6	6	1	2	4	2	1	1	2	5	4	1	1	2	1	1	0	1	1	1	2	4	3	3	2	1	0	3	2	4	0	6	2	0	8	0	2	2	5	3	2	5	6	3	4	6	2	0	1	1	0	2	1	2	2	1	2	2	2	2	1	0	0	0	4	2	1	2	1	1	1	0	0	0	1	3	0	0	1	0	0	0	0	0	0	1	3	0	0	0	0	1	0	0	1	2
sample_020_PC	2	4	0	0	2	3	0	2	3	0	0	4	1	0	0	2	5	1	0	3	2	0	1	3	1	1	0	0	4	1	0	12	4	1	15	1	2	1	12	2	1	1	11	2	4	4	6	4	0	2	2	0	1	0	2	0	1	3	2	0	0	1	1	0	1	3	1	0	1	1	1	2	0	0	1	2	0	0	1	0	0	0	0	0	0	1	0	3	1	2	0	0	0	0	0	1
sample_021_PC	0	2	0	1	4	3	1	2	3	1	0	1	4	1	2	2	1	1	1	2	3	2	0	2	2	0	1	1	3	2	0	5	7	4	8	1	1	1	8	3	6	5	9	4	2	1	5	0	0	0	0	1	2	4	1	2	0	0	3	3	0	0	0	2	1	1	0	0	0	2	3	2	0	0	2	2	2	1	2	0	1	0	0	2	0	0	2	1	0	1	0	0	1	1	0	4
sample_022_PC	5	5	2	1	2	0	1	2	0	2	0	1	5	3	1	1	3	1	1	4	2	3	0	1	1	1	0	0	3	0	1	6	3	2	12	2	7	2	9	0	4	4	7	1	1	5	3	8	0	1	1	2	1	0	0	0	1	2	2	0	0	1	1	0	0	0	1	0	1	2	2	1	0	4	1	0	1	1	1	1	0	0	0	2	0	1	0	2	0	0	0	0	0	0	1	0
sample_023_PC	0	0	1	0	3	4	1	1	0	1	0	0	3	5	0	1	1	2	2	1	3	3	1	3	3	3	0	4	3	4	1	5	4	3	5	1	2	1	11	4	2	7	10	5	3	0	4	2	1	2	0	0	0	2	0	1	0	1	0	0	3	1	0	0	1	1	1	3	1	1	5	0	0	1	0	1	1	0	0	1	0	0	0	0	0	2	0	2	1	1	1	0	0	1	2	0
sample_024_PC	3	2	0	0	1	2	2	3	2	2	0	1	2	1	0	1	1	0	1	1	2	2	1	2	0	2	0	0	2	0	0	1	3	2	6	0	3	2	5	1	3	4	5	1	3	3	2	0	0	0	2	1	0	1	2	0	1	0	1	0	1	1	2	0	0	2	1	0	2	0	2	1	0	0	1	1	0	0	0	0	0	1	0	0	0	1	0	0	1	0	0	0	0	2	0	0
sample_025_PC	4	2	0	0	2	3	3	8	3	6	1	2	2	3	1	2	4	1	2	6	2	2	1	2	3	2	0	2	1	2	0	2	6	2	9	1	2	5	8	1	7	5	10	1	2	7	5	0	0	0	2	1	0	1	4	0	1	1	1	2	2	2	2	1	2	3	2	1	3	0	3	1	0	2	0	1	1	1	0	0	0	0	0	0	0	0	1	0	2	0	1	0	0	3	0	1
sample_026_PC	3	6	3	1	3	6	3	4	4	7	0	3	3	4	4	2	2	3	0	4	1	6	1	7	3	4	2	2	0	3	0	5	1	4	8	1	4	4	6	7	3	5	10	3	3	3	3	3	0	0	0	2	0	1	3	5	1	5	1	0	0	0	1	1	1	2	2	0	0	3	0	4	2	1	3	2	3	2	1	2	1	0	1	0	0	0	3	2	0	0	1	2	0	1	1	0
sample_027_PC	0	1	0	0	0	1	1	0	0	2	0	0	1	0	0	0	0	0	0	0	0	0	0	0	1	2	0	0	1	0	0	1	0	0	3	0	0	0	1	2	1	0	2	2	0	0	1	1	0	0	0	0	1	1	1	0	2	0	0	0	3	0	2	0	0	0	0	1	0	1	2	1	0	0	1	1	0	0	0	0	0	1	0	0	0	0	1	0	0	0	0	0	0	0	1	0
sample_028_PC	2	1	0	1	0	3	1	1	2	4	2	3	2	1	0	3	1	1	0	2	3	1	1	0	2	1	0	1	1	1	0	3	0	3	4	1	3	5	3	0	1	4	3	2	1	1	2	1	0	0	1	0	0	3	1	2	0	0	1	1	0	1	0	0	0	2	1	0	0	1	0	2	0	0	1	1	0	0	1	1	0	1	0	1	0	0	0	0	0	0	0	1	0	1	1	2
sample_029_PC	4	1	0	0	2	1	0	1	2	1	0	1	4	1	0	0	0	1	1	1	0	0	1	3	0	0	0	0	2	1	1	5	2	0	6	1	3	2	13	4	3	2	10	1	3	0	3	5	0	0	0	1	0	3	0	1	1	0	0	1	0	1	0	0	1	0	0	1	0	3	3	0	0	3	0	1	2	1	0	0	1	0	0	0	1	0	2	0	0	0	0	1	0	0	0	0
sample_030_PC	1	0	0	0	2	1	0	2	5	1	0	1	0	0	0	2	0	1	1	1	1	0	0	0	1	1	1	0	0	0	1	1	3	1	7	0	4	2	6	4	1	3	8	0	4	1	3	2	0	0	3	0	0	1	1	0	1	0	0	0	2	0	0	1	2	0	0	1	0	1	3	2	3	0	0	1	0	0	2	0	0	1	1	2	1	0	1	1	0	0	0	1	0	1	0	0
sample_031_PC	2	2	2	0	4	4	3	0	2	2	3	4	3	5	0	0	0	0	0	0	2	2	2	2	0	3	3	0	1	1	0	3	3	1	15	0	2	2	9	2	3	4	10	3	4	3	5	2	0	1	0	0	1	1	1	0	0	1	0	0	1	0	0	1	3	2	1	1	1	2	0	3	1	0	0	0	0	1	0	0	0	1	1	0	1	1	1	0	1	1	1	0	0	0	0	0
sample_032_PC	1	0	1	1	3	4	0	2	2	2	2	0	2	0	2	3	0	2	0	0	2	0	1	1	1	0	0	3	1	2	0	8	3	2	13	1	3	3	15	1	3	2	15	1	1	3	3	2	1	0	0	0	0	0	1	2	1	1	0	0	0	2	1	0	2	0	1	1	0	1	0	0	0	3	0	2	1	1	1	0	0	1	1	0	0	1	0	3	0	0	0	0	0	0	0	1
sample_033_PC	0	0	1	1	0	0	2	0	1	0	1	1	4	3	0	1	1	2	0	2	0	0	0	1	0	1	0	0	1	1	0	1	1	2	4	0	1	0	5	4	1	2	9	1	3	0	4	2	0	1	0	0	0	0	0	1	0	0	0	0	2	1	1	1	0	0	1	1	2	1	3	1	1	0	0	0	0	0	0	2	0	0	0	0	0	1	0	0	0	1	0	0	0	0	1	0
sample_034_PC	1	3	0	3	3	2	0	3	4	2	1	2	1	0	0	2	1	1	1	0	1	1	0	0	1	1	0	0	2	0	0	2	0	1	7	0	4	2	9	2	4	4	6	0	5	1	4	2	0	0	0	1	0	1	2	0	1	1	2	0	0	0	0	0	0	0	0	1	0	1	2	3	1	1	3	0	1	3	0	1	1	1	0	2	3	0	0	0	0	1	0	0	0	1	0	0
sample_035_PC	0	2	0	0	2	3	1	2	1	5	0	0	1	3	0	1	1	1	0	0	2	2	0	2	2	1	1	1	1	1	1	2	0	3	8	2	1	6	4	5	2	5	7	3	3	1	3	1	0	1	0	1	1	1	0	0	0	1	1	0	0	0	2	0	0	1	1	2	2	1	2	0	2	1	1	0	1	1	1	0	0	0	1	1	0	0	0	1	0	0	0	0	0	0	0	1
sample_036_PC	1	1	1	0	0	0	2	0	3	1	1	0	4	3	0	1	1	1	0	2	0	0	0	1	0	1	0	0	1	2	0	1	3	2	5	0	1	0	6	5	0	2	10	0	2	0	3	2	0	0	0	0	0	0	0	1	0	0	0	0	1	1	1	1	1	0	2	0	0	0	4	0	0	1	1	0	0	0	0	2	0	0	0	0	0	1	1	0	0	1	0	0	0	1	0	0
sample_037_PC	1	4	0	1	2	0	0	0	1	1	4	0	1	2	0	2	0	0	1	1	0	2	1	0	0	1	0	1	1	0	0	1	5	2	6	2	2	0	17	2	5	1	12	2	1	2	9	1	1	0	1	0	0	2	1	0	0	0	2	0	1	0	0	1	0	0	0	0	1	1	1	1	1	3	0	1	0	0	1	0	0	0	0	0	0	0	0	1	0	0	0	0	0	0	0	0
sample_038_PC	0	2	2	2	3	1	1	1	3	0	0	1	2	4	0	2	1	1	2	0	0	0	0	3	0	1	1	2	2	2	1	3	2	3	15	2	0	4	12	7	8	3	16	2	6	2	4	8	0	2	1	0	1	5	0	3	0	1	0	0	3	1	0	0	0	3	2	0	2	4	0	0	2	2	1	1	1	1	1	2	0	0	0	0	0	0	1	0	2	2	0	0	1	0	2	1
sample_039_PC	0	0	0	0	2	1	0	2	5	1	0	0	0	0	0	2	0	1	0	1	1	0	0	0	1	1	1	0	1	0	1	0	2	0	8	0	2	1	6	3	1	2	7	1	3	1	1	2	0	0	2	0	0	1	1	0	1	0	0	0	2	0	0	0	0	0	0	0	0	1	2	2	3	0	1	1	0	0	2	0	0	0	1	0	0	0	1	1	0	0	0	0	0	2	0	0
sample_040_PC	0	0	1	1	1	11	8	12	0	1	2	4	1	0	1	0	0	1	0	2	0	0	1	0	3	4	0	0	0	0	1	0	4	6	48	7	3	6	52	4	14	39	98	17	4	5	15	4	1	3	1	0	0	1	2	2	2	3	0	0	1	0	1	0	5	9	16	2	7	7	28	2	18	15	22	9	10	9	8	4	0	1	0	0	1	4	2	2	0	0	0	1	0	1	0	0
sample_041_PC	1	2	3	13	37	71	38	314	5	19	3	41	0	15	1	35	3	2	0	3	2	1	11	2	1	9	1	0	0	0	0	0	42	63	338	20	35	63	363	40	87	144	441	92	19	26	148	14	4	23	0	39	0	13	4	2	3	27	5	5	11	4	0	7	22	25	53	20	44	75	149	71	47	37	80	32	22	25	28	35	0	3	1	6	1	18	13	47	0	6	2	21	0	1	3	11
sample_042_PC	0	1	0	0	2	2	1	8	0	2	3	0	0	0	0	2	0	0	0	0	2	0	0	0	0	1	0	1	0	0	0	2	5	1	40	0	2	1	36	2	5	10	32	4	3	0	14	0	0	1	0	0	0	0	0	0	0	2	0	0	0	0	0	0	2	0	4	2	1	0	10	1	4	4	4	3	0	2	1	0	1	0	0	0	0	4	0	1	0	1	0	0	0	0	0	0
sample_043_PC	0	2	0	1	3	11	5	11	1	6	1	5	0	0	1	5	0	0	0	0	1	1	1	0	1	2	0	3	0	0	1	1	13	9	137	1	6	8	138	7	24	41	173	22	3	7	54	2	1	4	1	1	0	2	0	0	1	4	0	1	0	0	1	0	4	5	9	2	2	0	23	4	16	15	13	19	2	6	3	5	1	1	0	0	0	6	6	4	0	1	1	0	0	1	0	2
sample_044_PC	4	9	1	3	9	22	4	22	15	34	4	10	3	9	1	5	3	7	1	1	0	4	1	2	0	12	1	4	0	2	1	2	56	48	388	25	30	43	393	37	142	288	460	169	67	62	184	72	77	115	6	22	2	11	8	4	29	35	18	17	18	29	7	3	70	47	62	47	50	57	94	45	262	173	192	240	125	111	90	113	4	10	1	3	0	3	6	2	2	3	1	2	2	3	2	2
sample_045_PC	0	3	0	1	5	20	6	35	1	7	2	6	1	6	1	4	1	0	1	2	0	2	1	0	2	8	1	2	1	0	0	0	40	15	241	17	13	28	243	22	96	121	346	69	20	20	92	10	10	12	1	6	1	2	2	0	0	6	2	2	3	2	0	0	8	8	19	6	10	20	31	6	50	31	42	27	17	23	19	10	0	2	0	0	0	7	6	2	0	0	0	0	0	2	0	1
sample_046_PC	0	3	0	6	5	30	8	34	0	7	4	7	1	7	1	3	1	4	0	0	0	0	1	2	2	6	0	3	0	2	0	1	24	19	311	6	21	18	287	20	49	95	387	48	8	15	102	7	2	6	0	10	0	4	4	0	0	5	2	0	2	2	0	0	8	6	12	1	6	8	47	12	33	16	31	18	5	15	16	9	1	1	1	0	1	6	5	4	0	0	0	1	0	2	1	0
sample_047_PC	3	1	0	0	9	6	5	26	1	2	0	4	1	2	0	6	1	0	0	0	0	0	0	0	0	4	0	2	2	0	1	0	13	2	121	3	6	6	118	7	35	46	144	21	4	4	51	3	1	5	1	3	0	1	0	0	1	2	3	2	3	3	0	0	5	2	3	1	1	8	12	1	12	8	15	9	9	3	6	2	0	1	0	1	0	2	4	5	0	2	1	0	0	1	1	2
sample_048_PC	2	1	0	2	5	12	8	30	0	5	1	6	1	1	2	1	1	3	0	0	0	0	0	0	0	1	0	1	0	1	0	0	8	6	110	8	7	10	131	8	38	48	174	31	2	7	63	2	1	5	2	1	0	2	1	2	1	1	1	2	0	0	0	0	8	2	6	0	1	4	12	6	9	8	11	9	0	1	6	1	0	0	0	1	0	2	1	1	0	1	0	0	0	2	0	1
sample_049_PC	1	2	1	0	7	16	6	28	1	7	2	6	1	2	1	5	1	0	0	0	0	1	0	0	1	5	1	1	0	1	0	1	21	11	395	5	10	8	400	9	36	56	431	29	9	12	163	8	2	1	0	2	0	0	0	2	0	6	0	2	0	1	0	1	3	6	16	3	5	2	21	8	18	9	17	5	6	2	7	4	0	4	0	3	0	5	2	3	0	1	5	2	1	2	2	4
sample_050_PC	1	2	1	0	5	16	6	29	1	4	2	6	0	4	2	6	1	0	1	0	0	0	0	0	1	4	0	1	0	1	0	0	19	12	369	4	10	9	366	10	31	53	393	26	7	11	153	8	4	1	0	1	0	1	0	2	1	4	0	2	0	1	0	1	3	4	16	2	5	3	20	9	19	9	17	6	8	1	7	5	0	2	0	3	0	4	2	5	0	0	3	1	1	1	0	4
sample_051_PC	4	1	0	0	8	3	3	24	1	5	2	2	2	3	1	7	0	0	0	1	1	0	0	0	1	3	1	1	2	0	1	0	10	3	113	3	4	8	134	7	40	69	198	34	5	11	55	3	2	5	0	2	1	0	0	0	2	5	1	2	2	3	0	2	8	10	7	0	3	9	12	5	18	11	20	8	2	7	5	3	0	1	0	2	0	3	2	1	0	0	0	0	0	1	1	2
sample_052_PC	0	0	1	1	1	11	6	10	0	0	2	1	1	0	1	0	0	1	0	1	0	0	0	0	1	4	0	0	0	0	0	0	3	8	36	6	3	5	48	2	14	31	80	13	6	5	14	3	0	2	1	0	0	0	0	1	1	3	0	0	2	0	1	0	3	7	13	2	7	5	23	2	17	11	15	7	9	6	9	2	0	1	0	0	1	3	1	1	0	0	0	1	0	1	0	0
sample_053_PC	1	2	1	2	3	14	5	27	7	8	1	13	2	7	2	5	1	1	1	0	0	0	1	2	2	2	0	0	2	1	0	1	24	11	449	8	16	15	432	12	31	73	434	24	7	7	157	6	2	7	0	3	1	5	0	1	0	5	2	1	1	2	1	1	10	3	6	5	5	7	21	3	22	18	22	9	8	8	9	7	1	1	2	0	0	3	4	5	0	2	4	0	0	0	1	0
sample_054_PC	0	1	0	0	0	4	1	7	0	0	2	1	0	0	1	3	0	3	0	0	0	0	0	0	0	0	0	0	0	0	0	0	3	1	86	2	2	5	79	2	7	8	90	10	2	2	33	1	0	0	0	0	0	0	0	1	0	0	0	0	0	0	0	0	0	2	7	3	4	4	12	4	3	1	8	2	0	1	8	0	0	0	0	1	1	1	1	3	0	0	0	0	0	1	0	0
sample_055_PC	0	2	0	1	0	9	3	18	2	0	4	3	0	1	1	3	0	3	0	0	1	0	1	1	0	1	0	0	0	0	0	0	7	6	141	3	3	6	133	3	14	28	157	19	5	9	46	1	0	2	0	1	0	0	0	1	0	0	1	0	0	0	0	0	9	6	16	5	5	10	34	8	13	7	16	8	2	2	11	0	1	0	0	2	1	1	3	8	0	0	0	1	0	1	0	0
sample_056_PC	3	0	3	1	1	0	0	1	2	1	0	1	0	1	0	1	0	0	0	1	0	1	1	0	0	0	0	1	0	1	0	3	3	1	12	3	2	4	8	3	3	1	7	2	2	3	4	2	0	0	1	0	0	2	2	0	1	1	0	1	0	1	0	0	0	3	1	1	1	0	2	2	1	1	0	2	1	1	1	0	0	0	0	0	0	1	0	0	0	1	0	0	0	1	0	0
sample_057_PC	0	0	0	0	0	0	0	0	1	0	0	0	0	1	0	0	1	0	0	0	0	0	0	0	0	0	0	0	1	1	0	1	1	1	5	0	1	1	7	0	1	3	3	1	2	1	2	0	1	1	0	0	0	0	1	0	0	0	0	0	0	0	0	0	0	1	0	1	0	1	0	0	2	0	0	0	0	2	0	0	0	0	0	1	0	0	1	0	0	0	0	0	0	0	1	0
sample_058_PC	0	1	1	0	1	2	1	0	0	0	2	0	2	2	0	1	1	0	1	1	1	1	0	0	2	0	0	1	1	3	0	1	1	3	15	1	1	3	10	3	2	4	10	0	2	1	5	3	0	0	0	1	1	0	0	0	0	0	0	0	1	0	0	0	1	0	2	1	2	2	0	0	1	0	0	0	0	1	0	0	0	0	0	0	0	0	0	0	0	0	2	0	1	1	0	0
sample_059_PC	0	2	0	0	0	1	0	0	1	1	1	1	0	0	0	0	0	1	0	0	1	0	1	2	2	0	0	0	2	1	0	2	1	1	7	0	0	2	5	2	1	3	11	0	5	2	3	2	0	0	1	0	0	0	0	0	1	0	0	0	0	0	0	0	1	0	1	0	0	1	0	0	0	2	1	0	0	1	0	1	0	0	0	0	0	0	0	0	0	0	0	0	0	3	0	0
sample_060_PC	0	2	1	0	0	1	0	0	0	1	1	1	0	0	0	0	0	1	0	0	0	0	0	2	1	0	0	0	2	1	0	2	1	1	9	0	0	2	5	2	1	2	11	0	4	2	2	2	0	0	1	0	0	0	0	0	0	0	0	0	0	0	0	0	1	0	0	0	0	1	0	0	0	1	0	0	0	1	0	0	0	0	0	0	0	0	0	0	0	0	0	0	0	1	0	0
sample_061_PC	0	1	0	1	1	0	1	0	0	1	3	0	0	3	0	0	1	1	0	0	0	0	1	2	1	2	0	0	1	0	0	3	2	2	6	2	1	2	4	2	0	2	5	0	1	2	3	0	0	0	0	1	0	0	0	1	1	0	0	1	2	0	1	0	0	0	0	2	1	1	0	0	0	0	0	1	0	2	0	1	0	0	0	1	0	0	0	0	0	0	1	0	0	1	0	2
sample_062_PC	0	1	0	1	1	0	1	0	1	2	3	0	0	2	0	0	1	1	0	0	0	0	1	2	1	2	0	0	1	0	0	2	1	2	9	1	1	2	4	2	0	2	5	1	1	2	4	0	0	1	0	1	0	0	0	2	0	0	0	1	1	0	2	0	0	1	0	2	1	1	0	0	0	0	0	1	0	2	0	1	0	0	0	1	0	0	0	0	0	0	1	0	0	1	0	2
sample_063_PC	0	1	0	0	1	1	0	0	1	1	1	0	0	1	1	2	0	1	0	0	0	1	0	1	0	0	0	0	1	0	0	0	0	2	1	1	1	3	1	1	0	0	4	0	2	0	2	0	1	0	0	0	0	1	0	0	1	0	0	0	0	0	0	0	0	0	2	2	0	0	0	0	0	0	0	0	0	0	0	0	0	1	0	0	0	1	1	0	0	0	1	0	0	2	1	1
sample_064_PC	0	2	0	0	2	1	0	3	0	2	1	1	2	0	0	1	0	0	0	1	0	0	0	0	0	1	0	1	0	1	0	2	1	0	12	3	1	6	9	7	3	5	11	1	2	3	1	0	1	0	3	0	1	0	1	2	0	0	0	0	0	0	1	1	0	0	0	0	1	1	2	1	0	1	1	0	1	0	2	0	1	0	1	1	0	0	0	0	0	0	0	0	0	0	0	0
sample_065_PC	0	0	0	0	0	0	0	0	0	0	0	0	0	0	0	2	1	0	0	0	0	0	1	1	0	0	1	0	0	1	0	1	0	0	4	2	1	0	8	0	0	0	9	0	0	1	1	0	0	0	0	1	0	0	0	2	0	0	0	0	0	0	0	1	1	1	0	0	0	1	1	0	0	0	2	0	0	0	2	0	0	0	0	1	0	0	1	1	0	0	0	1	0	0	0	0
sample_066_PC	0	0	0	0	0	0	0	0	0	0	0	0	0	0	0	2	1	0	0	0	0	0	0	1	0	0	1	0	0	0	0	0	0	0	2	1	1	0	7	0	0	0	6	0	0	1	1	0	0	0	0	1	0	0	0	0	0	0	0	0	0	0	0	1	1	1	0	0	0	0	0	0	0	0	1	0	0	0	2	0	0	0	0	0	0	2	0	0	0	0	0	1	0	1	1	0
sample_067_PC	0	0	1	1	0	1	0	0	0	1	1	0	0	1	0	2	0	0	0	0	0	0	0	1	0	1	0	0	3	0	0	1	0	1	3	0	1	0	3	0	0	2	5	0	0	1	0	0	0	0	0	0	0	0	0	1	0	0	0	0	0	0	0	1	0	0	0	0	0	0	3	0	0	0	0	0	0	1	0	0	0	1	0	0	1	0	1	0	1	1	0	1	0	0	0	0
sample_068_PC	0	1	0	0	1	1	0	0	1	0	0	1	1	1	0	0	0	0	1	2	1	1	0	1	1	0	0	0	0	1	0	1	0	0	4	0	0	3	3	0	2	1	6	0	1	3	2	1	0	0	0	1	1	0	1	0	3	0	1	0	0	0	0	0	1	1	0	1	0	1	0	0	1	1	0	0	0	0	0	0	0	0	0	0	0	0	0	0	2	0	0	1	0	0	1	0
sample_069_PC	1	1	0	0	1	0	0	0	0	0	0	0	0	0	0	1	0	0	0	0	0	0	0	1	0	0	0	1	0	1	0	1	0	1	1	0	1	0	8	2	1	1	1	2	2	0	0	1	0	0	0	1	0	1	0	0	0	0	1	0	1	0	0	0	0	2	1	0	0	0	1	1	1	0	0	0	0	0	0	0	1	0	0	0	1	1	1	0	0	0	0	1	0	0	0	0
sample_070_PC	0	3	0	0	0	0	0	0	0	2	0	1	2	0	1	0	0	0	0	0	0	0	0	0	0	2	1	0	2	0	0	5	1	0	6	0	0	0	6	0	0	4	6	1	4	3	5	1	0	0	0	1	1	0	0	0	1	0	1	0	1	0	0	0	0	2	2	1	0	3	1	0	0	0	0	0	1	0	1	0	0	0	0	0	0	0	0	0	0	0	0	0	0	0	0	0
sample_071_PC	0	2	0	0	0	0	0	0	0	4	0	2	2	0	1	0	0	0	0	0	0	1	0	1	0	2	1	0	1	0	0	4	1	0	8	0	0	0	5	0	0	4	7	2	4	4	9	1	0	1	0	1	1	0	0	0	1	1	2	0	1	0	0	0	1	2	3	1	0	3	1	3	0	0	0	0	1	0	0	1	0	0	0	0	0	0	0	0	0	0	0	0	0	1	0	0
sample_072_PC	0	0	0	0	1	0	0	0	1	0	0	1	1	1	1	0	1	0	0	0	0	0	0	1	0	0	0	0	0	0	1	1	0	0	7	0	1	0	7	0	2	1	6	1	0	0	2	1	0	1	0	0	0	0	0	1	0	0	1	0	1	0	0	0	0	0	1	1	1	1	0	0	0	1	2	0	0	1	1	0	0	0	0	0	0	1	0	0	0	0	0	0	0	1	0	1
sample_073_PC	0	1	0	0	1	0	0	0	0	0	0	1	1	1	1	1	1	0	1	0	0	0	0	1	0	0	0	0	0	0	1	0	0	0	5	0	0	1	6	0	1	0	6	0	0	0	1	0	0	0	0	0	0	0	1	1	0	0	1	0	0	0	0	0	0	0	0	1	0	0	0	0	0	1	1	0	0	0	0	0	0	0	0	0	0	0	0	0	0	0	0	0	0	0	0	0
sample_074_PC	0	1	0	0	3	0	0	0	1	0	0	1	1	1	1	1	1	0	1	0	0	0	1	1	0	0	0	0	0	1	1	1	1	1	8	1	0	0	8	0	3	2	9	3	0	1	2	1	0	1	0	0	1	0	0	1	0	0	1	0	0	1	0	0	0	0	1	2	1	2	1	0	1	2	4	0	0	1	1	0	0	0	0	0	0	0	0	0	0	0	1	0	0	1	0	0
sample_075_PC	4	3	1	3	4	1	1	6	3	6	1	1	0	2	2	0	1	0	0	2	0	1	1	3	1	1	0	1	1	0	0	2	0	0	9	3	0	4	5	1	3	2	11	2	1	4	2	2	0	1	0	0	0	2	2	3	0	0	2	2	2	0	0	0	1	0	0	1	0	1	4	4	0	2	1	4	1	1	2	0	1	0	0	1	0	2	1	0	0	0	2	0	1	0	1	2
sample_076_PC	3	3	1	3	5	1	1	6	3	6	1	2	0	1	2	0	2	0	0	2	0	1	2	2	1	1	0	0	1	1	0	2	0	0	10	3	0	3	6	2	3	3	11	3	1	4	1	3	0	1	1	0	1	2	2	4	0	1	3	2	1	0	0	0	1	0	0	1	0	2	3	4	0	1	1	5	1	1	2	0	0	0	0	1	0	1	1	0	0	0	2	0	1	0	1	2
sample_077_PC	0	1	0	0	2	0	0	1	1	0	0	0	0	0	2	1	1	0	0	0	0	0	0	0	0	0	0	0	0	0	0	2	1	0	5	0	0	0	5	0	0	2	6	1	2	0	4	0	0	2	1	0	0	0	0	0	1	0	1	1	1	0	0	0	0	0	2	0	0	0	1	0	0	2	0	0	0	0	0	1	0	0	0	0	0	0	0	0	1	1	0	0	0	0	0	0
sample_078_PC	0	0	0	1	0	0	0	0	0	0	0	0	1	0	1	0	0	0	0	0	1	0	0	0	0	0	1	1	0	0	1	0	0	1	3	1	0	1	3	0	0	2	3	1	2	1	0	1	0	0	0	0	1	0	1	0	0	0	1	0	0	0	0	1	1	1	1	0	0	0	0	1	0	2	0	0	0	0	0	0	0	0	0	0	0	0	0	0	0	1	0	0	0	0	0	0
sample_079_PC	1	0	1	3	1	1	2	3	1	1	1	0	1	0	0	0	0	0	0	2	0	1	1	0	1	2	0	0	1	1	2	3	3	0	8	1	1	3	9	3	0	5	12	2	8	0	2	3	1	1	1	1	1	2	0	1	0	0	0	0	0	1	0	2	1	2	1	3	0	1	2	5	1	1	2	0	4	3	3	6	0	0	0	1	0	1	1	0	0	0	0	1	1	0	0	0
sample_080_PC	0	0	1	2	0	1	1	3	2	1	1	0	0	0	0	0	0	1	0	2	0	1	0	0	2	3	0	0	1	1	2	1	1	0	8	1	1	2	11	3	0	5	10	2	6	0	2	3	1	2	1	1	0	2	0	0	0	0	0	0	0	1	0	2	1	2	1	2	0	2	1	5	1	1	3	0	4	3	3	5	0	0	0	1	0	1	1	0	0	0	0	1	1	0	1	0
sample_081_PC	0	0	1	2	1	1	1	3	1	1	1	0	0	0	0	0	0	0	0	3	0	1	0	0	1	2	0	0	1	1	2	3	1	0	8	1	0	4	10	3	0	5	10	2	10	1	3	3	1	1	1	1	0	2	0	1	0	1	0	0	0	1	0	2	1	2	1	3	0	2	1	4	1	1	2	0	5	5	4	5	0	0	0	1	0	2	1	0	0	0	0	1	1	0	1	0
sample_082_PC	2	0	0	0	0	2	1	1	2	1	1	0	0	2	0	1	0	0	1	0	0	0	0	0	2	0	0	0	0	0	0	0	0	1	9	1	0	3	6	1	0	0	6	0	2	1	2	1	0	0	0	0	0	1	0	0	0	0	1	0	2	0	0	0	0	0	1	2	0	1	0	1	0	1	0	1	1	0	0	0	0	1	1	0	0	0	0	0	0	0	0	1	0	1	1	2
sample_083_PC	0	0	0	0	1	0	0	0	0	0	1	1	0	0	1	0	0	0	0	0	0	2	1	0	0	0	0	0	0	0	0	0	1	0	2	0	0	1	7	0	1	0	1	0	1	2	0	0	0	0	0	1	0	0	0	0	0	0	0	0	0	0	1	0	1	0	0	0	0	0	0	0	0	1	0	0	0	0	0	0	0	0	0	0	0	0	0	2	0	0	0	0	0	0	0	0
sample_084_PC	0	3	0	0	0	2	1	1	2	0	0	0	2	2	0	0	0	0	0	2	0	0	0	2	2	1	0	2	1	1	0	3	2	0	2	0	0	2	2	0	3	4	3	2	2	2	2	1	0	1	0	1	0	0	1	1	0	0	0	0	2	0	0	1	1	0	0	0	1	0	2	0	2	1	1	2	0	0	1	0	1	0	0	0	0	1	0	1	0	0	2	0	1	1	0	0
sample_085_PC	1	0	0	0	0	0	1	0	0	1	1	0	2	1	0	0	0	0	0	0	0	1	0	0	1	0	0	0	2	2	0	3	1	1	5	0	2	1	0	2	1	2	8	1	1	0	4	2	1	0	1	0	1	0	0	0	0	0	0	0	0	1	0	0	0	0	1	1	1	2	1	0	1	0	0	0	0	1	0	0	0	0	0	0	0	0	0	1	0	0	0	1	0	0	0	0
sample_086_PC	0	1	0	0	0	0	0	1	1	0	0	0	0	1	1	2	0	1	0	0	2	0	0	0	0	0	0	0	1	1	0	1	0	0	4	0	1	1	4	0	0	4	6	0	2	1	3	1	0	0	0	0	0	0	0	0	0	0	1	0	0	0	0	0	0	0	1	0	0	0	0	0	0	0	0	0	0	0	0	0	0	0	0	0	0	0	0	0	0	0	0	0	1	0	0	1
sample_087_PC	0	1	0	0	1	1	0	0	1	0	0	0	2	0	0	0	0	0	0	0	0	0	0	0	0	0	0	0	0	0	0	1	1	0	3	0	1	1	5	2	1	1	3	1	1	0	1	0	0	0	0	1	0	0	0	0	0	0	1	0	0	0	0	0	0	1	1	0	0	2	0	0	1	1	0	0	0	0	0	0	0	1	0	0	0	0	0	0	0	0	0	0	0	0	0	0
sample_088_PC	1	1	0	0	1	0	0	1	0	0	0	0	1	0	1	1	1	0	0	1	0	0	2	1	0	0	0	0	1	0	1	0	1	0	10	0	2	1	3	0	1	3	10	0	4	0	6	2	1	0	0	1	0	0	0	1	0	0	1	0	0	0	0	0	0	0	0	1	0	0	0	1	1	1	0	1	0	0	0	1	0	2	0	0	0	1	0	0	0	0	0	0	0	1	1	0
sample_089_PC	0	4	0	1	4	6	1	0	0	2	1	2	3	1	1	0	4	1	0	1	0	1	1	0	0	3	0	1	0	3	1	1	1	4	13	1	2	1	7	5	0	2	4	0	1	5	2	3	0	1	1	0	0	0	1	2	0	0	1	0	2	1	0	0	1	1	2	1	0	1	2	1	0	0	1	0	0	0	0	0	1	0	0	0	0	2	1	0	0	0	0	1	0	1	0	1
sample_090_PC	1	2	0	2	0	3	0	3	2	1	1	2	1	1	2	2	1	1	0	2	0	0	2	2	0	1	1	2	1	0	1	4	6	4	23	2	2	7	23	0	3	2	32	5	2	5	10	2	0	2	1	0	0	0	1	2	0	1	0	0	3	4	1	1	1	0	1	3	2	2	3	1	2	0	3	1	1	1	0	2	1	2	0	2	1	1	1	7	0	0	0	0	2	3	2	2
sample_091_PC	0	0	0	0	0	0	0	0	0	0	0	1	0	1	0	0	0	1	0	0	0	1	0	2	0	0	1	0	2	1	0	2	1	2	6	0	0	1	5	1	1	0	10	1	2	1	9	1	0	0	0	0	0	0	1	0	0	0	0	0	1	0	0	0	2	0	1	0	1	0	0	0	0	0	0	0	0	0	2	0	0	0	0	0	0	0	1	0	0	0	0	0	0	1	1	0
sample_092_PC	0	0	0	0	0	1	1	0	0	0	0	1	0	1	0	0	0	1	0	0	0	1	0	2	0	0	0	0	3	1	0	1	1	1	5	0	0	1	3	1	1	0	8	1	2	0	8	0	0	0	1	0	0	0	1	0	0	0	0	0	0	0	0	0	1	0	1	0	1	0	0	0	0	1	0	0	0	0	1	0	0	0	0	0	0	0	1	0	0	0	0	0	0	0	0	0
sample_093_PC	0	0	0	0	0	2	0	0	0	0	0	1	0	1	0	0	0	1	0	0	0	1	0	2	0	0	0	0	3	1	0	2	1	1	6	0	0	1	4	1	1	0	10	1	3	0	10	0	0	0	1	0	0	0	1	0	0	0	0	0	0	0	0	0	1	0	1	0	1	0	0	0	0	0	0	0	0	0	2	0	0	0	0	0	0	0	2	0	0	0	0	0	0	0	0	0
sample_094_PC	0	2	0	0	0	0	1	1	0	2	2	0	0	0	1	0	0	0	0	1	0	0	0	0	0	0	0	0	2	1	0	0	1	0	3	0	0	1	4	0	0	3	6	1	1	2	0	0	0	0	1	0	0	1	1	0	1	0	0	0	0	1	0	0	0	0	0	0	2	0	0	0	0	0	1	0	0	0	1	1	0	0	1	0	0	0	1	0	0	0	0	1	0	1	0	2
sample_095_PC	1	4	0	3	3	1	0	2	2	2	0	2	3	2	1	2	1	3	2	1	0	2	1	3	1	1	1	1	5	2	0	4	2	2	5	2	2	2	3	6	6	1	6	4	2	1	3	4	1	2	4	0	0	1	1	2	1	1	1	0	2	1	1	0	5	1	1	0	0	0	0	1	1	0	1	0	0	1	1	0	0	1	0	0	0	0	4	1	0	0	1	1	0	0	1	2
sample_096_PC	1	2	0	0	0	1	0	0	0	0	1	0	2	1	0	0	0	0	0	2	0	0	0	0	0	0	0	1	2	0	0	2	2	0	11	0	4	0	9	2	1	2	15	2	3	1	4	0	0	1	0	0	0	1	2	0	0	1	1	0	0	0	0	0	0	0	1	0	0	0	0	1	0	0	2	0	0	1	1	1	1	0	0	0	0	0	0	2	0	1	1	0	1	0	0	0
sample_097_PC	0	0	1	0	1	0	1	0	0	2	0	0	0	0	1	1	1	0	0	0	1	1	0	0	0	3	0	2	1	0	0	0	2	0	2	1	0	0	1	1	2	3	15	1	2	1	5	0	1	1	0	0	1	0	0	0	0	0	0	0	0	1	0	1	0	2	0	1	0	0	0	3	1	3	0	0	1	1	2	0	0	0	0	0	0	0	1	3	0	0	1	0	0	0	0	0
sample_098_PC	2	2	0	1	3	3	2	1	1	1	1	4	3	2	0	1	0	1	2	1	0	1	0	5	0	0	0	0	1	0	0	1	0	3	10	1	2	1	8	1	1	4	12	2	3	6	5	2	0	0	0	0	0	1	0	0	0	0	0	0	1	1	0	0	0	1	2	0	1	1	0	0	0	1	2	1	0	1	1	0	0	0	0	0	0	1	0	1	0	0	0	0	0	1	1	1
sample_099_PC	1	1	0	0	2	1	1	0	1	0	0	0	1	0	1	0	0	1	0	0	0	0	0	0	0	0	0	1	3	0	0	2	0	1	6	1	0	0	4	1	1	2	6	0	1	0	4	0	0	0	1	0	0	0	0	0	0	1	2	0	2	0	0	1	1	0	0	0	0	0	1	2	1	0	1	0	0	1	0	1	0	1	0	1	0	0	0	0	0	0	0	0	0	0	0	0
sample_100_PC	1	1	0	0	0	0	1	1	3	2	0	0	0	1	1	1	0	0	0	0	0	1	0	0	0	0	0	0	0	0	0	3	1	1	6	0	0	3	4	1	1	0	2	0	3	0	4	1	0	1	0	0	0	1	0	1	1	0	0	0	1	0	1	1	0	0	0	1	1	0	0	0	0	1	2	0	1	0	0	0	0	0	0	0	0	0	1	0	0	0	0	0	0	0	0	0
sample_101_PC	1	1	1	0	0	0	1	2	2	1	0	0	0	1	1	1	0	0	0	0	0	1	0	0	0	0	0	0	0	0	0	3	0	1	5	0	1	3	5	1	1	0	2	0	2	0	3	1	0	0	0	0	0	1	0	1	0	0	0	0	0	0	1	1	0	0	0	0	0	0	0	0	0	1	1	0	1	0	0	0	0	0	0	0	0	0	2	0	0	0	0	0	0	1	0	0
sample_102_PC	1	1	1	0	0	1	1	1	3	1	0	0	0	2	1	1	0	0	0	0	0	2	0	0	0	0	0	0	1	0	0	3	1	1	11	0	1	3	7	1	1	0	3	0	3	0	4	1	0	1	0	0	0	1	0	1	0	0	0	0	1	0	1	1	0	0	0	1	0	0	0	0	0	1	2	0	0	0	0	0	0	0	0	0	0	0	1	1	0	0	0	0	0	0	0	0
sample_103_PC	0	1	0	0	0	1	0	0	0	0	1	0	0	0	0	0	0	1	0	0	0	0	0	0	0	0	0	0	0	0	0	1	1	1	3	0	0	1	0	2	0	1	3	2	1	1	2	0	0	0	0	1	0	1	0	0	0	1	1	0	0	0	0	0	0	1	2	1	0	1	0	0	0	0	0	1	0	0	0	0	0	0	0	0	0	0	0	0	0	0	0	0	0	0	0	0
sample_104_PC	0	2	0	0	1	0	0	1	1	0	1	0	2	2	0	0	2	0	1	0	0	0	0	0	0	1	0	0	1	2	0	1	1	0	9	0	2	2	9	2	4	2	4	2	1	2	3	1	0	0	0	0	0	0	1	0	0	0	1	1	1	0	0	0	0	0	0	1	0	2	1	0	0	0	2	1	0	0	6	0	0	0	0	0	0	1	1	0	0	0	0	0	0	0	0	1
sample_105_PC	0	2	0	0	2	0	0	1	1	0	1	0	0	1	0	0	3	0	1	0	0	1	0	0	0	1	0	0	1	2	0	0	2	0	9	0	2	2	8	0	4	2	5	1	1	2	4	2	0	0	0	0	0	0	1	0	0	0	1	0	0	0	0	0	0	0	0	1	0	2	1	0	0	0	3	1	0	0	7	0	0	0	0	0	1	1	1	1	0	1	0	0	0	0	0	1
sample_106_PC	0	0	1	0	2	0	0	0	0	0	0	1	1	0	0	0	0	0	0	1	0	0	0	0	0	1	0	0	0	0	0	0	0	1	3	0	1	3	5	0	0	2	6	1	0	0	3	0	0	0	0	0	0	0	0	0	0	0	0	0	0	0	0	0	0	0	0	2	0	0	1	1	0	0	1	0	0	0	0	0	0	0	0	0	0	0	0	0	0	0	0	0	0	0	0	0
sample_107_PC	0	0	0	0	2	0	0	0	0	0	0	1	1	0	1	0	0	0	0	1	0	2	0	0	0	1	0	1	0	0	0	0	0	1	7	0	1	4	6	0	2	2	7	1	0	0	4	0	0	0	0	0	0	0	1	0	0	0	0	0	0	1	0	0	1	0	1	1	0	1	2	1	0	0	1	0	0	0	0	1	0	0	0	0	0	0	0	0	0	0	0	0	0	0	1	0
sample_108_PC	3	0	3	2	4	5	1	3	1	0	0	2	0	3	0	5	1	2	0	1	1	1	2	5	0	1	0	1	2	3	0	5	2	2	11	2	0	6	13	0	4	5	13	3	5	4	6	5	2	1	1	0	0	1	1	1	2	1	3	1	1	0	0	0	1	0	1	1	2	0	1	1	1	1	2	0	1	0	0	2	0	0	0	0	0	1	1	0	1	2	1	1	1	0	0	3
sample_109_PC	0	0	1	0	0	0	1	0	0	1	0	0	1	1	0	0	1	0	0	0	0	0	0	0	0	0	0	0	1	0	0	0	0	2	16	2	2	1	10	1	1	0	11	2	3	2	6	0	0	0	0	0	0	0	0	1	0	0	0	0	1	0	0	0	2	0	2	2	0	0	1	0	1	1	1	1	0	1	1	0	0	0	1	0	0	0	1	0	0	1	0	1	0	1	0	0
sample_110_PC	0	0	1	0	0	0	1	0	0	1	0	0	1	0	0	0	1	0	0	0	0	0	0	0	0	0	0	0	1	0	0	0	0	1	9	1	1	2	10	1	0	1	13	1	3	0	3	1	0	0	1	0	0	0	0	0	0	0	0	0	1	0	0	1	1	0	2	2	0	1	1	0	1	1	1	1	0	1	1	0	0	0	1	0	0	0	2	0	0	1	0	1	0	0	0	0
sample_111_PC	0	0	1	0	1	0	1	0	1	0	1	1	1	0	0	0	0	0	0	0	0	0	0	0	0	1	0	0	1	0	0	0	2	1	9	1	2	1	8	1	0	0	20	3	7	0	2	0	1	0	1	0	0	2	0	0	0	0	0	0	0	0	0	0	2	1	2	2	0	0	3	1	1	1	0	1	0	0	0	1	0	0	1	0	0	0	1	0	0	0	0	1	0	0	0	0
sample_112_PC	0	0	0	0	1	1	1	0	0	0	0	0	0	1	0	0	0	0	0	0	0	0	0	0	1	1	1	1	1	2	0	0	1	1	2	0	1	0	2	0	0	0	2	0	0	1	0	3	0	0	0	0	1	2	1	2	0	0	1	0	0	0	0	1	1	0	0	0	0	1	1	0	1	0	1	1	0	1	1	0	1	0	0	0	0	0	0	0	0	0	0	0	1	0	0	1
sample_113_PC	0	0	0	0	3	1	0	0	1	1	0	1	0	4	0	4	0	0	0	0	0	1	1	1	0	1	1	0	0	1	0	1	0	1	6	0	3	5	3	2	1	0	13	1	0	2	2	1	0	0	0	1	0	0	0	1	0	0	2	0	1	0	0	0	0	1	0	0	2	1	0	0	0	1	0	1	0	2	0	1	0	0	0	0	0	0	0	2	1	0	0	0	0	2	0	0
sample_114_PC	0	0	0	0	3	1	0	0	1	0	0	1	1	4	0	3	0	0	0	0	0	0	1	1	0	1	1	0	1	0	0	0	0	1	6	0	2	5	3	1	1	0	12	1	0	2	2	1	0	0	0	0	0	0	0	1	0	0	2	0	0	0	0	0	0	0	0	1	1	2	1	0	0	0	0	1	0	1	0	2	0	0	0	0	0	0	0	1	1	1	0	0	0	1	0	0
sample_115_PC	0	1	0	0	2	1	0	2	3	2	1	1	1	2	0	2	0	2	1	4	0	0	0	1	0	0	0	2	0	0	1	1	1	0	5	0	1	2	6	0	2	1	7	1	0	2	6	3	0	1	1	0	0	0	0	1	1	0	0	0	3	0	0	0	0	0	2	2	0	2	1	2	0	0	1	1	0	0	0	3	0	1	1	0	0	2	0	0	0	0	0	1	0	0	0	0
sample_116_PC	0	1	0	0	1	1	0	1	3	1	0	0	1	2	0	2	0	2	1	3	0	0	0	1	2	0	0	0	1	0	1	1	1	0	4	0	1	2	5	0	2	1	6	1	0	1	1	3	0	0	1	0	0	0	0	1	2	0	0	0	0	0	0	0	0	0	3	1	0	2	1	1	0	0	1	0	0	0	0	2	0	2	1	0	0	2	0	0	0	0	0	0	0	0	0	0
sample_117_PC	0	0	1	0	0	0	0	1	2	1	0	0	2	2	1	1	0	1	0	2	0	0	0	0	0	2	0	0	1	1	0	0	0	2	7	0	0	0	4	1	1	3	6	3	1	2	6	2	0	2	0	0	0	0	1	0	1	0	0	0	1	0	0	0	0	1	3	1	1	1	0	2	0	0	2	0	0	0	0	0	0	0	1	0	0	0	1	0	0	0	1	1	0	3	0	2
sample_118_PC	0	1	0	0	2	0	0	2	3	3	0	0	2	1	3	0	0	1	3	1	0	1	2	1	0	0	0	0	1	1	0	4	1	1	5	0	2	2	11	0	2	4	11	0	3	2	3	2	0	0	0	0	1	1	0	0	1	0	0	0	1	0	0	1	0	0	0	0	0	0	1	0	1	0	0	1	0	1	0	0	0	0	0	0	0	0	1	1	0	0	0	1	0	0	0	1
sample_119_PC	0	1	0	0	2	2	0	2	5	3	0	1	2	0	3	0	0	1	3	1	0	0	2	0	0	0	0	0	1	1	0	4	1	1	5	0	2	2	9	0	2	4	11	1	3	1	3	2	0	0	0	0	0	1	0	0	0	0	0	0	1	0	0	1	0	0	1	0	0	0	1	0	0	0	0	1	0	1	0	0	0	2	0	0	0	0	1	1	0	0	0	1	0	0	0	1
sample_120_PC	0	0	0	0	0	0	0	0	2	0	2	0	0	0	0	2	0	1	0	0	0	1	2	0	2	0	1	0	1	1	0	2	0	1	10	0	1	1	5	0	1	1	5	1	4	0	3	0	0	1	0	1	0	0	0	1	1	0	0	0	0	0	0	0	1	0	0	0	1	0	1	0	1	1	0	1	0	0	0	0	0	0	0	0	0	0	0	1	0	0	1	1	0	0	0	0
sample_121_PC	0	0	0	0	0	0	1	0	1	0	1	0	2	0	0	0	1	0	0	0	0	0	0	0	0	0	0	0	1	0	0	1	0	1	5	0	0	1	6	1	1	1	6	0	1	0	5	1	0	0	0	1	0	0	0	0	0	0	0	0	0	0	0	0	0	0	0	0	0	1	0	0	0	0	4	0	0	0	2	1	0	0	0	0	0	1	0	1	0	0	0	1	0	1	0	0
sample_122_PC	0	0	0	0	0	0	0	0	1	1	0	1	0	1	1	0	0	0	0	1	1	0	1	0	0	0	0	2	0	0	1	2	0	1	5	0	1	0	8	0	4	4	7	1	1	1	1	3	0	0	0	0	0	0	0	0	0	0	0	0	0	0	0	0	0	1	0	0	1	1	1	0	0	1	0	1	0	0	0	0	0	1	1	0	0	0	0	0	0	0	0	0	0	0	0	0
sample_123_PC	1	0	0	0	3	1	0	0	1	1	0	0	1	0	0	0	0	1	2	0	0	0	0	0	0	1	0	1	0	0	0	3	3	2	7	0	3	4	12	1	2	3	7	2	3	3	3	1	1	0	0	0	0	0	1	0	2	0	1	1	2	0	0	1	1	0	1	0	0	1	0	2	2	1	1	1	0	1	0	2	0	2	0	0	0	1	0	0	0	1	0	0	1	0	0	1
sample_124_PC	1	0	0	0	3	1	0	0	1	2	0	0	1	0	1	0	0	1	2	0	0	1	0	0	1	2	0	1	0	2	0	2	2	2	7	0	3	4	14	2	1	4	12	2	3	4	3	1	1	0	0	0	0	0	1	0	1	0	1	1	1	1	0	1	1	1	1	1	1	1	1	2	2	2	0	1	0	1	0	1	0	3	0	0	0	1	0	0	0	1	0	0	1	0	0	1
sample_125_PC	0	0	0	0	0	1	1	0	0	0	0	0	1	0	1	0	0	0	0	1	0	0	0	0	1	0	0	0	0	1	0	0	1	0	3	0	0	0	9	0	0	0	8	0	2	0	2	3	0	0	0	1	1	0	0	1	0	0	0	0	2	1	0	2	1	0	0	1	0	2	1	1	1	0	0	0	1	1	0	0	1	0	0	0	0	2	0	0	0	0	0	0	0	0	0	1
sample_126_PC	0	0	0	0	0	1	0	0	0	0	0	0	1	0	0	0	0	1	0	1	0	0	0	0	0	0	0	0	1	0	0	1	1	0	5	0	0	0	8	1	0	0	7	0	0	0	1	2	0	0	0	0	0	0	0	0	1	0	0	0	1	0	0	1	0	0	0	0	0	1	0	0	1	0	0	0	0	1	0	0	0	0	0	0	0	3	0	0	0	0	0	0	0	0	0	0
sample_127_PC	1	1	1	2	0	1	1	2	1	1	0	3	0	3	0	1	1	2	0	1	2	3	1	2	0	1	1	1	0	3	0	4	2	0	6	2	2	2	11	0	2	1	10	1	2	3	4	1	0	2	1	0	2	2	2	0	2	0	1	0	1	0	1	1	0	3	2	2	0	2	0	0	1	0	0	0	0	1	0	0	0	1	1	0	0	1	1	2	0	2	0	0	0	0	0	0
sample_128_PC	1	0	0	0	0	0	0	0	0	0	0	0	0	0	0	0	0	0	0	0	0	0	0	0	0	0	0	0	0	0	0	0	1	0	2	0	0	0	1	1	0	0	0	2	0	0	0	1	0	0	0	0	1	0	0	0	1	0	0	0	1	0	0	0	0	0	0	0	0	0	0	0	1	0	1	0	0	0	0	0	0	0	0	0	0	0	0	0	0	0	0	0	0	0	1	0
sample_129_BC	4	2	0	1	2	5	0	3	3	1	0	1	3	3	1	1	0	1	2	4	3	2	2	5	0	1	3	2	3	1	0	3	2	0	7	3	1	2	4	7	5	3	5	2	5	3	1	2	2	0	0	0	0	2	0	4	0	0	0	2	0	0	0	1	2	3	1	1	0	1	1	0	0	2	2	2	0	2	0	2	0	1	0	0	0	3	2	2	1	0	0	1	0	0	0	0
sample_130_BC	2	6	0	3	9	5	3	8	5	11	1	2	10	7	3	11	9	1	0	1	2	1	2	3	1	2	0	0	63	24	3	66	1	4	7	0	11	46	19	40	4	8	13	5	65	21	32	30	0	1	1	2	1	2	7	3	1	0	0	1	1	3	1	1	0	1	0	1	0	3	2	0	0	1	3	0	3	1	0	0	0	0	0	0	1	1	0	0	0	1	1	0	1	0	0	0
sample_131_BC	0	1	2	0	1	4	5	2	1	2	1	0	0	2	2	1	0	0	1	0	1	1	3	0	1	0	1	0	0	0	2	2	4	4	6	1	4	4	9	0	1	1	5	1	3	1	4	3	0	1	0	1	1	1	1	0	1	0	0	0	1	0	1	0	0	1	0	2	0	0	0	0	0	0	1	0	0	0	1	0	0	0	0	1	0	1	0	0	1	0	0	0	0	1	0	0
sample_132_BC	0	0	0	0	1	1	1	1	1	1	0	0	10	8	3	4	1	1	0	1	2	1	1	2	1	1	0	1	45	14	5	64	2	2	7	2	6	5	8	3	2	2	7	1	81	25	30	25	0	0	0	0	0	1	0	0	3	0	0	0	0	1	1	0	2	0	1	0	1	0	1	0	0	0	0	0	0	0	0	0	0	0	0	0	0	0	0	0	0	0	1	1	0	2	0	0
sample_133_BC	0	0	1	0	0	1	1	1	1	1	1	1	2	5	0	0	0	0	1	0	0	0	1	0	0	0	0	0	13	4	4	15	1	1	5	0	2	2	4	0	2	1	4	2	19	5	5	9	1	1	0	2	0	0	0	0	0	1	1	0	1	0	0	0	0	0	0	4	0	0	1	1	0	0	0	0	0	0	1	0	0	0	0	0	0	0	0	2	0	0	0	0	0	0	0	0
sample_134_BC	0	6	0	3	2	2	1	2	2	9	2	2	24	17	11	7	1	0	0	3	4	2	3	4	1	2	1	3	111	34	19	137	4	6	9	0	15	17	17	19	7	10	7	7	218	67	99	109	0	1	0	1	1	0	3	1	0	0	0	0	2	0	0	0	0	2	1	3	0	1	2	1	1	0	2	0	0	1	0	0	0	1	1	0	0	0	0	0	0	3	0	0	0	1	0	0
sample_135_BC	0	1	1	1	0	1	0	2	0	1	1	2	11	3	4	8	0	2	0	0	2	2	1	3	1	0	1	1	46	10	9	54	2	1	14	1	5	4	17	6	2	3	15	3	82	21	34	29	1	3	1	0	2	1	0	0	0	0	0	0	2	0	0	0	1	1	2	3	0	0	1	1	0	0	2	1	1	0	2	1	0	0	0	0	0	1	1	0	0	0	0	3	0	0	1	0
sample_136_BC	0	1	0	2	5	3	0	2	2	3	0	3	1	3	1	1	2	0	1	2	1	1	0	2	0	3	2	3	4	1	1	4	1	1	7	1	3	4	2	5	4	2	2	0	2	6	5	2	0	1	1	1	0	1	5	3	0	0	1	1	1	0	1	1	2	0	2	0	0	2	1	4	0	1	3	1	0	0	0	0	0	1	1	1	0	1	0	10	0	1	0	2	0	1	0	4
sample_137_BC	0	0	2	0	0	1	2	0	0	0	1	1	0	3	2	1	0	1	0	0	1	0	0	2	0	0	0	0	4	0	1	2	6	3	15	1	3	7	9	5	5	3	12	2	2	4	3	2	0	0	0	1	0	0	1	1	0	0	0	0	1	0	0	0	3	2	5	3	2	0	4	2	4	0	2	0	6	0	2	1	1	0	1	0	1	0	2	0	0	0	0	0	0	5	0	0
sample_138_BC	0	1	0	1	1	1	0	0	0	3	0	1	2	2	1	1	1	1	0	0	0	2	1	0	0	1	0	0	7	0	0	8	3	2	4	1	4	7	6	4	1	3	6	1	25	7	10	13	0	2	0	0	2	0	2	1	0	1	0	0	2	2	0	0	0	0	0	0	1	1	2	2	0	1	0	0	0	1	0	0	0	0	0	1	1	1	1	0	1	0	1	0	0	0	3	0
sample_139_BC	1	4	0	2	1	3	0	1	1	3	1	2	1	2	1	1	0	1	1	0	0	2	1	0	1	2	1	0	8	3	0	9	4	3	9	3	5	10	11	5	2	4	7	1	24	11	11	15	0	1	0	0	1	1	3	2	0	0	0	1	0	1	0	2	1	0	1	0	1	1	2	1	0	1	0	1	0	1	1	0	0	0	0	1	1	1	1	1	1	0	1	0	0	1	2	1
sample_140_BC	1	4	2	1	3	2	1	1	1	3	2	2	9	3	1	4	1	0	0	2	1	1	0	2	1	0	0	1	18	9	1	14	4	1	6	0	4	5	3	5	3	5	5	1	25	10	23	7	0	1	0	0	0	0	0	1	0	3	0	0	0	0	0	1	3	0	2	2	0	2	0	0	0	0	0	0	0	1	0	2	0	0	1	1	1	1	0	0	1	0	0	1	0	0	0	1
sample_141_BC	1	4	1	1	3	3	1	1	0	2	2	2	7	3	0	4	1	0	0	2	1	1	0	2	1	0	0	0	13	8	1	8	2	0	6	0	4	6	4	5	3	5	5	1	23	8	19	4	0	1	0	0	0	0	0	1	0	3	0	0	0	0	0	1	3	0	2	2	0	1	0	0	0	0	0	0	0	1	0	1	0	0	0	1	1	1	0	0	1	0	0	1	0	0	0	0
sample_142_BC	2	1	0	0	3	1	2	2	2	3	3	4	8	8	6	6	0	0	1	0	5	1	1	0	0	0	0	1	48	16	3	52	5	2	14	0	7	6	13	5	0	6	13	1	75	34	39	39	2	1	1	0	0	1	1	0	0	0	0	0	0	0	1	1	2	0	4	2	0	1	0	0	0	0	0	0	0	0	0	0	0	1	1	0	0	0	0	1	0	0	0	0	0	0	1	0
sample_143_BC	2	0	0	0	1	0	1	1	2	3	3	3	4	8	7	7	1	0	1	0	3	1	1	0	0	0	0	0	43	14	6	46	2	1	11	0	7	5	14	4	1	6	12	1	59	31	35	36	1	1	1	0	0	1	1	0	0	0	0	0	0	0	1	1	2	1	3	1	0	1	0	1	0	0	0	0	0	0	0	0	0	1	1	0	0	0	1	1	0	0	0	0	0	0	0	0
sample_144_BC	4	2	0	0	2	5	5	0	3	8	3	4	17	16	3	9	2	2	4	1	8	3	5	2	0	4	0	3	83	28	17	93	7	1	8	2	14	10	21	18	11	9	15	6	152	44	54	89	0	0	2	0	0	2	3	1	0	0	1	1	1	0	0	4	5	2	6	1	1	1	4	0	1	2	2	3	2	1	4	1	0	0	0	1	0	0	0	6	0	0	0	2	0	0	0	1
sample_145_BC	3	1	0	0	2	7	8	0	3	8	5	4	21	20	5	10	3	3	5	0	5	3	5	3	0	4	0	2	89	28	19	114	9	1	12	2	19	11	26	18	11	9	17	8	168	48	56	105	0	0	3	1	0	2	2	2	0	0	1	1	1	1	0	5	6	2	8	1	2	2	4	1	4	1	1	2	2	1	5	1	0	0	0	1	0	0	1	8	0	0	0	2	0	0	0	1
sample_146_BC	0	2	0	0	1	1	0	0	0	1	0	1	10	1	2	2	0	1	1	1	0	0	2	1	0	2	1	0	12	7	3	16	3	1	14	2	6	4	17	0	1	4	9	5	20	12	6	8	0	1	1	0	0	0	2	0	0	0	0	0	0	0	0	0	1	0	1	1	0	0	0	2	0	0	0	0	1	1	0	0	1	0	0	0	0	0	0	0	0	0	0	0	1	1	0	2
sample_147_BC	0	2	0	0	1	0	0	0	0	1	0	2	11	1	2	1	0	1	1	1	0	0	1	1	0	2	1	1	13	5	3	17	4	1	14	2	7	5	17	0	1	4	9	6	25	12	7	10	0	2	1	0	0	0	1	0	0	0	0	0	0	0	0	0	1	0	0	1	0	0	1	2	0	0	1	0	1	1	0	0	1	0	0	0	1	0	0	0	0	0	0	0	1	1	0	2
sample_148_BC	0	1	0	0	1	1	3	3	2	2	1	0	4	5	2	5	0	0	0	0	2	0	1	1	0	1	1	0	19	6	5	25	3	1	12	0	10	5	16	9	3	2	15	3	28	20	15	20	0	0	0	0	1	0	1	2	0	0	1	0	0	2	0	1	0	0	3	3	0	1	2	1	0	0	0	1	0	0	2	1	0	0	0	1	1	0	1	0	0	0	0	0	0	0	0	0
sample_149_BC	0	0	0	0	0	1	1	1	0	0	0	0	2	1	1	4	0	0	0	0	0	0	0	1	0	0	1	0	3	2	2	12	1	0	8	0	3	3	5	2	0	2	4	3	8	5	5	9	0	0	0	0	1	0	0	0	0	0	0	0	0	0	0	0	0	1	1	0	1	1	0	2	0	1	1	1	0	0	0	0	0	0	0	0	0	0	1	0	0	0	0	0	0	0	0	0
sample_150_BC	2	3	2	2	4	4	3	4	8	3	4	3	9	10	5	4	1	1	1	1	1	3	1	4	0	2	2	3	31	7	2	31	5	1	16	1	7	9	15	6	6	4	0	2	45	16	15	19	0	1	1	0	0	3	1	4	2	0	3	1	1	1	2	1	4	3	4	5	3	1	1	1	2	1	2	4	2	0	3	2	0	0	0	0	1	0	1	1	0	0	0	0	0	1	0	0
sample_151_BC	2	3	2	3	4	5	2	5	8	3	4	3	9	10	5	4	1	2	1	1	2	3	1	3	1	2	2	3	33	9	2	32	5	3	16	2	12	10	15	6	7	4	0	2	46	17	16	20	0	1	1	0	1	3	1	4	2	0	3	1	2	1	2	1	4	3	3	5	3	1	2	1	3	1	1	4	5	0	3	2	0	0	0	1	1	1	2	1	0	0	0	0	0	1	0	0
sample_152_BC	0	1	0	0	2	0	3	1	0	0	0	0	12	8	5	3	0	1	0	3	2	0	1	3	1	1	0	1	31	9	7	45	2	1	11	1	5	7	12	8	4	4	15	2	58	20	27	31	1	1	0	0	3	1	3	1	1	0	3	1	1	0	1	0	0	1	3	2	0	0	2	1	1	0	0	1	0	2	0	1	0	0	0	0	0	0	1	4	0	0	0	0	0	0	0	0
sample_153_BC	3	5	2	0	1	5	2	7	0	7	0	1	3	3	1	2	1	2	1	1	1	1	1	2	0	4	0	1	13	6	3	13	2	3	11	2	7	35	11	19	3	4	14	2	33	16	18	17	1	3	1	2	2	1	1	7	3	2	1	0	0	0	0	0	0	0	2	1	3	5	2	1	1	1	1	0	1	3	0	1	0	1	1	1	0	0	1	2	0	0	1	1	2	1	0	1
sample_154_PC	0	0	0	1	0	2	0	1	0	0	0	0	1	2	1	0	0	0	0	2	0	0	0	0	0	0	0	1	0	0	0	1	2	0	10	0	3	1	11	0	1	0	10	1	3	0	1	1	0	0	0	0	0	1	0	0	0	0	0	0	0	0	0	0	1	0	2	1	0	2	0	0	0	0	0	2	0	0	0	0	0	2	0	0	0	0	0	0	0	0	0	1	0	1	0	0
sample_155_BC	6	7	2	5	5	7	4	5	3	10	2	5	11	9	2	10	4	1	1	5	4	4	2	3	4	1	3	5	31	10	2	38	8	5	9	1	8	6	9	6	4	9	7	6	48	16	16	25	1	0	4	2	0	3	6	6	0	0	0	3	1	1	0	2	4	1	6	8	3	4	3	1	1	1	3	0	0	2	0	0	1	0	2	0	0	0	1	0	0	0	2	2	1	2	3	0
